2025-07-26 01:19:13.392 | INFO | PID:261 | model_file_sync.before_run:189 - aisrv model_file_sync, use modelpool, use_which_deep_learning_framework is pytorch
2025-07-26 01:19:13.393 | INFO | PID:261 | model_file_sync.before_run:195 - model_file_sync process pid is 261
2025-07-26 01:19:13.394 | INFO | PID:261 | model_file_sync.make_model_dirs:138 - model_file_sync mkdir /data/ckpt/back_to_the_realm_v2_target_dqn/plugins success
2025-07-26 01:19:13.395 | INFO | PID:261 | model_file_sync.make_model_dirs:144 - model_file_sync mkdir /data/ckpt/back_to_the_realm_v2_target_dqn/models /data/ckpt/back_to_the_realm_v2_target_dqn/plugins success
2025-07-26 01:19:13.396 | INFO | PID:261 | model_file_sync.make_model_dirs:153 - model_file_sync mkdir /data/ckpt/back_to_the_realm_v2_target_dqn/convert_models_aisrv success
2025-07-26 01:19:13.397 | INFO | PID:261 | monitor_proxy.__init__:36 - aisrv ppid is 140445463201600
2025-07-26 01:19:13.412 | INFO | PID:235 | aisrv_server_standard.start_aisrv_handler:484 - aisrv AiServer AiSrvHandle with address: 172.20.0.22:5566 start
2025-07-26 01:19:13.417 | INFO | PID:265 | monitor_proxy_process.before_run:73 - aisrv monitor_proxy process start success at pid is 265
2025-07-26 01:19:13.420 | INFO | PID:235 | aisrv_server_standard.start_aisrv_handler:484 - aisrv AiServer AiSrvHandle with address: 172.20.0.21:5566 start
2025-07-26 01:19:13.427 | INFO | PID:235 | aisrv_server_standard.start_aisrv_handler:484 - aisrv AiServer AiSrvHandle with address: 172.20.0.24:5566 start
2025-07-26 01:19:13.430 | INFO | PID:266 | monitor_proxy_process.before_run:73 - aisrv monitor_proxy process start success at pid is 266
2025-07-26 01:19:13.433 | INFO | PID:267 | kaiwu_rl_helper_standard.__init__:134 - aisrv kaiwu_rl_helper start at pid 267, ppid is 140445463201600, thread id is -1
2025-07-26 01:19:13.434 | INFO | PID:267 | aisrv_server_standard.before_run:794 - aisrv aisrvhandle use kaiwu_rl_helper: <KaiWuRLStandardHelper(kaiwu_rl_helper_0, initial daemon)>
2025-07-26 01:19:13.435 | INFO | PID:267 | aisrv_server_standard.before_run:797 - aisrv aisrvhandle established connect to 172.20.0.22:5566, slot id is 0, min_slot_id is 0
2025-07-26 01:19:13.436 | INFO | PID:267 | aisrv_server_standard.before_run:806 - aisrv aisrvhandle current_actor_addrs is ['127.0.0.1:8888'], current_learner_addrs is ['172.20.0.8:9999']
2025-07-26 01:19:13.437 | INFO | PID:267 | aisrv_server_standard.before_run:837 - aisrv aisrvhandle start success at pid 267
2025-07-26 01:19:13.440 | INFO | PID:235 | aisrv_server_standard.start_aisrv_handler:484 - aisrv AiServer AiSrvHandle with address: 172.20.0.19:5566 start
2025-07-26 01:19:13.442 | INFO | PID:235 | aisrv_server_standard.before_run:604 - aisrv AiServer is start success at 0.0.0.0:8000, pid is 235, run_mode is train, self_play is False
/data/projects/back_to_the_realm_v2/agent_target_dqn/model/model.py:59: UserWarning: nn.init.orthogonal is now deprecated in favor of nn.init.orthogonal_.
  nn.init.orthogonal(fc_layer.weight)
/data/projects/back_to_the_realm_v2/agent_target_dqn/model/model.py:59: UserWarning: nn.init.orthogonal is now deprecated in favor of nn.init.orthogonal_.
  nn.init.orthogonal(fc_layer.weight)
/data/projects/back_to_the_realm_v2/agent_target_dqn/model/model.py:59: UserWarning: nn.init.orthogonal is now deprecated in favor of nn.init.orthogonal_.
  nn.init.orthogonal(fc_layer.weight)
/data/projects/back_to_the_realm_v2/agent_target_dqn/model/model.py:59: UserWarning: nn.init.orthogonal is now deprecated in favor of nn.init.orthogonal_.
  nn.init.orthogonal(fc_layer.weight)
2025-07-26 01:19:13.573 | INFO | PID:262 | model_wrapper_common.create_standard_model_wrapper:99 - aisrv policy_name train_one, algo target_dqn, model_wrapper is StandardModelWrapperPytorch
2025-07-26 01:19:13.576 | INFO | PID:262 | multi_model_common.init_load_models:240 - aisrv predict just no model_pool files or copy_model_files failed, please check
2025-07-26 01:19:13.577 | INFO | PID:262 | actor_proxy_local.before_run:663 - predict policy_name: train_one, start success at pid 262, on-policy/off-policy is off-policy, actor_receive_cost_time_ms: 1, predict_batch_size: 1
2025-07-26 01:19:13.578 | INFO | PID:262 | actor_proxy_local.predict_stat:482 - aisrv predict now predict count is 0
/data/projects/back_to_the_realm_v2/agent_target_dqn/model/model.py:59: UserWarning: nn.init.orthogonal is now deprecated in favor of nn.init.orthogonal_.
  nn.init.orthogonal(fc_layer.weight)
2025-07-26 01:19:13.605822: I tensorflow/core/util/port.cc:110] oneDNN custom operations are on. You may see slightly different numerical results due to floating-point round-off errors from different computation orders. To turn them off, set the environment variable `TF_ENABLE_ONEDNN_OPTS=0`.
2025-07-26 01:19:13.621 | INFO | PID:267 | env_proxy_lazy.__init__:53 - aisrv env proxy, zmq_client connect to 172.20.0.22:5566 success, client_id 66513679
2025-07-26 01:19:13.622 | INFO | PID:267 | kaiwu_rl_helper_standard.start_agent:1018 - aisrv kaiwu_rl_helper start agent 0 with train_one
2025-07-26 01:19:13.632 | INFO | PID:267 | train_workflow.run_episodes:69 - aisrv training_metrics is {'basic': {'train_global_step': 0, 'sample_production_and_consumption_ratio': 0, 'episode_cnt': 0, 'sample_receive_cnt': 0, 'predict_succ_cnt': 0.0, 'load_model_succ_cnt': 0.0}, 'algorithm': {'reward': 0, 'q_value': 0, 'value_loss': 0, 'policy_loss': 0, 'entropy_loss': 0}, 'env': {'total_score': 0, 'treasure_score': 0, 'max_steps': 0, 'finished_steps': 0, 'treasure_random': 0, 'total_treasures': 0, 'collected_treasures': 0, 'buff_cnt': 0, 'buff_cooldown': 0, 'talent_cooldown': 0, 'talent_cnt': 0, 'buff_random': 0, 'obstacle_count': 0, 'obstacle_random': 0}, 'diy': {'diy_1': 0, 'diy_2': 0, 'diy_3': 0, 'diy_4': 0, 'diy_5': 0}}
2025-07-26 01:19:13.672955: I tensorflow/core/platform/cpu_feature_guard.cc:182] This TensorFlow binary is optimized to use available CPU instructions in performance-critical operations.
To enable the following instructions: AVX2 AVX512F AVX512_VNNI AVX512_BF16 FMA, in other operations, rebuild TensorFlow with the appropriate compiler flags.
2025-07-26 01:19:13.812 | INFO | PID:262 | predict_common.standard_load_model_detail:319 - aisrv predict had not get pull model file, so return
2025-07-26 01:19:13.823 | INFO | PID:262 | predict_common.standard_load_model_detail:319 - aisrv predict had not get pull model file, so return
2025-07-26 01:19:13.825 | INFO | PID:267 | env_proxy_lazy.reset:100 - aisrv EnvProxy reset one game success
2025-07-26 01:19:13.828 | INFO | PID:262 | predict_common.standard_load_model_detail:319 - aisrv predict had not get pull model file, so return
2025-07-26 01:19:13.833 | INFO | PID:262 | predict_common.standard_load_model_detail:319 - aisrv predict had not get pull model file, so return
2025-07-26 01:19:14.887007: W tensorflow/compiler/tf2tensorrt/utils/py_utils.cc:38] TF-TRT Warning: Could not find TensorRT
2025-07-26 01:19:15.505 | INFO | PID:264 | reverb_util.__init__:22 - aisrv learner_proxy reverb client Client, server_address=172.20.0.8:9999 172.20.0.8:9999 connect to reverb server
2025-07-26 01:19:15.505 | INFO | PID:264 | learner_proxy.before_run:118 - learner_proxy send reverb server use reverb, tables is ['reverb_replay_buffer_table_0']
2025-07-26 01:19:15.506 | INFO | PID:264 | learner_proxy.before_run:155 - learner_proxy zmq client connect at 172.20.0.8:9997 with client_id 92744719
2025-07-26 01:19:15.517 | INFO | PID:264 | learner_proxy.before_run:174 - learner_proxy policy_name: train_one, start success at pid 264
2025-07-26 01:19:15.527 | INFO | PID:400 | monitor_proxy_process.before_run:73 - aisrv monitor_proxy process start success at pid is 20252025-07-26 01:19:26.340 | INFO | PID:262 | predict_common.standard_load_model_detail:319 - aisrv predict had not get pull model file, so return
2025-07-26 01:19:26.389 | INFO | PID:264 | learner_proxy.run_once:253 - learner_proxy send save_model data to learner
2025-07-26 01:19:26.390 | INFO | PID:264 | learner_proxy.run_once:264 - learner_proxy recv save_model data result from learner success
2025-07-26 01:19:26.450 | INFO | PID:262 | predict_common.standard_load_model_detail:319 - aisrv predict had not get pull model file, so return
2025-07-26 01:19:26.520 | INFO | PID:262 | predict_common.standard_load_model_detail:319 - aisrv predict had not get pull model file, so return
2025-07-26 01:19:26.612 | INFO | PID:264 | learner_proxy.run_once:253 - learner_proxy send save_model dat2025-07-26 01:19:26.705 | INFO | PID:267 | train_workflow.run_episodes:141 - aisrv Game truncated! step_no:999 score:0.0 win_rate:0
2025-07-26 01:19:26.788 | INFO | PID:267 | train_workflow.run_episodes:69 - aisrv training_metrics is {'basic': {'train_global_step': 0, 'sample_production_and_consumption_ratio': 0, 'episode_cnt': 0, 'sample_receive_cnt': 0, 'predict_succ_cnt': 0.0, 'load_model_succ_c2025-07-26 01:19:28.826 | INFO | PID:267 | train_workflow.run_episodes:141 - aisrv Game truncated! step_no:999 score:0.0 win_rate:0
2025-07-26 01:19:28.932 | INFO | PID:267 | train_workflow.run_episodes:69 - aisrv training_metrics is {'basic': {'train_global_step': 0, 'sample_production_and_consumption_ratio': 0, 'episode_cnt': 0, 'sample_receive_cnt': 0, 'predict_succ_cnt': 0.0, 'load_model_succ_cnt': 0.0}, 'algorithm': {'reward': 0, 'q_value': 0, 'value_loss': 0, 'policy_loss': 0, 'entropy_loss': 0}, 'env': {'total_score': 0, 'treasure_score': 0, 'max_steps': 0, 'finished_steps': 0, 'treasure_random': 0, 'total_treasures': 0, 'collected_treasures': 0, 'buff_cnt': 0, 'buff_cooldown': 0, 'talent_cooldown': 0, 'talent_cnt': 0, 'buff_random': 0, 'obstacle_count': 0, 'obstacle_random': 0}, 'diy': {'diy_1': 0.0, 'diy_2': 0.0, 'diy_3': 0.0, 'diy_4': -0.6, 'diy_5': 0.66}}
2025-07-26 01:19:29.047 | INFO | PID:264 | learner_proxy.run_once:253 - learner_proxy send save_model data to learner
2025-07-26 01:19:29.061 | INFO | PID:267 | env_proxy_lazy.reset:100 - aisrv EnvProxy reset one game success
2025-07-26 01:19:29.064 | INFO | PID:262 | predict_common.standard_load_model_detail:319 - aisrv predict had not get pull model file, so return
2025-07-26 01:19:29.079 | INFO | PID:264 | learner_proxy.run_once:264 - learner_proxy recv save_model data result from learner su2025-07-26 01:19:38.759 | INFO | PID:263 | predict_common.standard_load_model_detail:319 - aisrv predict had not get pull model file, so return
2025-02025-07-26 01:19:39.903 | INFO | PID:262 | predict_common.standard_load_model_detail:319 - aisrv predict had not get pull model file, so r2025-07-26 01:19:42.476 | INFO | PID:267 | train_workflow.run_episodes:141 - aisrv Game truncated! step_no:999 score:0.0 win_rate:0
2025-07-26 01:19:42025-07-26 01:19:44.841 | INFO | PID:267 | train_workflow.run_episodes:141 - aisrv Game truncated! step_no:999 score:0.0 win_rate:0
2025-07-26 01:19:44.940 | INFO | PID:267 | train_workflow.run_episodes:69 - aisrv training_metrics is {'basic': {'train_global_step': 0, 'sample_production_and_consumption_ratio': 0, 'episode_cnt': 3.0, 'sample_receive_cnt': 0, 'predict_succ_cnt': 0.0, 'load_model_succ_cnt': 0.0}, 'algorithm': {'reward': -0.01, 'q_value': 0.11, 'value_loss': 0.12, 'policy_loss': 0, 'entropy_loss': 0}, 'env': {'total_score': 0.0, 'treasure_score': 0.0, 'max_steps': 1000.0, 'finished_steps': 1000.0, 'treasure_random': 0.0, 'total_treasures': 0.0, 'collected_treasures': 0.0, 'buff_cnt': 0.0, 'buff_cooldown': 100.0, 'talent_cooldown': 100.0, 'talent_cnt': 0.0, 'buff_random': 1.0, 'obstacle_count': 0.0, 'obstacle_random': 0.0}, 'diy': {'diy_1': 0.0, 'diy_2': 0.0, 'diy_3': 0.0, 'diy_4': -0.38, 'diy_5': 0.64}}
2025-07-26 01:19:45.051 | INFO | PID:267 | env_proxy_lazy.reset:100 - aisrv EnvProxy reset one game success
2025-07-26 01:19:45.053 | INFO | PID:262 | predict_common.standard_load_model_detail:319 - aisrv predict had not get pull model file, so r2025-07-26 01:19:52.233 | INFO | PID:263 | predict_common.standard_load_model_detail:319 - aisrv predict had not get pull model file, so return
2025-02025-07-26 01:19:53.367 | INFO | PID:262 | predict_common.standard_load_model_detail:319 - aisrv predict had not get pull model file, so r2025-07-26 01:19:58.149 | INFO | PID:267 | train_workflow.run_episodes:141 - aisrv Game truncated! step_no:999 score:0.0 win_rate:0
2025-07-26 01:19:52025-07-26 01:20:00.903 | INFO | PID:267 | train_workflow.run_episodes:141 - aisrv Game truncated! step_no:999 score:0.0 win_rate:0
2025-07-26 01:20:00.990 | INFO | PID:267 | train_workflow.run_episodes:69 - aisrv training_metrics is {'basic': {'train_global_step': 0, 'sample_production_and_consumption_ratio': 0, 'episode_cnt': 8.0, 'sample_receive_cnt': 0, 'predict_succ_cnt': 0.0, 'load_model_succ_cnt': 0.0}, 'algorithm': {'reward': -0.01, 'q_value': 0.11, 'value_loss': 0.12, 'policy_loss': 0, 'entropy_loss': 0}, 'env': {'total_score': 0.0, 'treasure_score': 0.0, 'max_steps': 1000.0, 'finished_steps': 1000.0, 'treasure_random': 0.0, 'total_treasures': 0.0, 'collected_treasures': 0.0, 'buff_cnt': 0.0, 'buff_cooldown': 100.0, 'talent_cooldown': 100.0, 'talent_cnt': 0.0, 'buff_random': 1.0, 'obstacle_count': 0.0, 'obstacle_random': 0.0}, 'diy': {'diy_1': 0.0, 'diy_2': 0.0, 'diy_3': 0.0, 'diy_4': -0.38, 'diy_5': 0.64}}
2025-07-26 01:20:01.096 | INFO | PID:267 | env_proxy_lazy.reset:100 - aisrv EnvProxy reset one game success
2025-07-26 01:20:01.099 | INFO | PID:262 | predict_common.standard_load_model_detail:319 - aisrv predict had not get pull model file, so r2025-02025-07-26 01:20:04.988 | INFO | PID:262 | predict_common.standard_load_model_detail:319 - aisrv predict had not get pull model file, so r2025-02025-07-26 01:20:07.074 | INFO | PID:262 | predict_common.standard_load_model_detail:319 - aisrv predict had not get pull model file, so return
2025-07-26 01:20:07.896 | INFO | PID:262 | predict_common.standard_load_model_detail:319 - aisrv predict had not get pull model file, so r2025-02025-07-26 01:20:13.581 | INFO | PID:262 | actor_proxy_local.predict_stat:482 - aisrv predict now predict count is 2025-02025-07-26 01:20:17.329 | INFO | PID:267 | train_workflow.run_episodes:141 - aisrv Game truncated! step_no:999 score:0.0 win_rate:0
2025-07-26 01:20:17.411 | INFO | PID:267 | train_workflow.run_episodes:69 - aisrv training_metrics is {'basic': {'train_global_step': 51.0, 'sample_production_and_consumption_ratio': 3.86, 'episode_cnt': 8.0, 'sample_receive_cnt': 27084.0, 'predict_succ_cnt': 33672.0, 'load_model_succ_cnt': 0.0}, 'algorithm': {'reward': -0.01, 'q_value': 0.11, 'value_loss': 0.12, 'policy_loss': 0, 'entropy_loss': 0}, 'env': {'total_score': 0.0, 'treasure_score': 0.0, 'max_steps': 1000.0, 'finished_steps': 1000.0, 'treasure_random': 0.0, 'total_treasures': 0.0, 'collected_treasures': 0.0, 'buff_cnt': 0.0, 'buff_cooldown': 100.0, 'talent_cooldown': 100.0, 'talent_cnt': 0.0, 'buff_random': 1.0, 'obstacle_count': 0.0, 'obstacle_random': 0.0}, 'diy': {'diy_1': 0.0, 'diy_2': 0.0, 'diy_3': 0.0, 'diy_4': -0.38, 'diy_5': 0.64}}
2025-07-26 01:20:17.515 | INFO | PID:267 | env_proxy_lazy.reset:100 - aisrv EnvProxy reset one game success
2025-07-26 01:20:17.518 | INFO | PID:262 | predict_common.standard_load_model_detail:319 - aisrv predict had not get pull model file, so return
2025-07-26 01:20:17.522 | INFO | PID:264 | learner_proxy.sample_server_stat:212 - learner_proxy send reverb server stat, succ_cnt is 15811, error_cnt2025-07-26 01:20:18.847 | INFO | PID:263 | predict_common.standard_load_model_detail:319 - aisrv predict had not get pull model file, so return
2025-02025-07-26 01:20:20.855 | INFO | PID:262 | predict_common.standard_load_model_detail:319 - aisrv predict had not get pull model file, so return
2025-07-26 01:20:21.892 | INFO | PID:262 | predict_common.standard_load_model_detail:319 - aisrv predict had not get pull model file, so r2025-07-26 01:20:29.946 | INFO | PID:267 | train_workflow.run_episodes:141 - aisrv Game truncated! step_no:999 score:0.0 win_rate:0
2025-07-26 01:20:32025-07-26 01:20:32.708 | INFO | PID:262 | predict_common.standard_load_model_detail:319 - aisrv predict had not get pull model file, so return
2025-07-26 01:20:33.669 | INFO | PID:267 | train_workflow.run_episodes:141 - aisrv Game truncated! step_no:999 score:0.0 win_rate:0
2025-07-26 01:20:33.782 | INFO | PID:267 | train_workflow.run_episodes:69 - aisrv training_metrics is {'basic': {'train_global_step': 51.0, 'sample_production_and_consumption_ratio': 3.86, 'episode_cnt': 8.0, 'sample_receive_cnt': 27084.0, 'predict_succ_cnt': 33672.0, 'load_model_succ_cnt': 0.0}, 'algorithm': {'reward': -0.0, 'q_value': 0.1, 'value_loss': 0.03, 'policy_loss': 0, 'entropy_loss': 0}, 'env': {'total_score': 0.0, 'treasure_score': 0.0, 'max_steps': 1000.0, 'finished_steps': 1000.0, 'treasure_random': 0.0, 'total_treasures': 0.0, 'collected_treasures': 0.0, 'buff_cnt': 0.0, 'buff_cooldown': 100.0, 'talent_cooldown': 100.0, 'talent_cnt': 0.0, 'buff_random': 1.0, 'obstacle_count': 0.0, 'obstacle_random': 0.0}, 'diy': {'diy_1': 0.0, 'diy_2': -0.02, 'diy_3': 0.88, 'diy_4': 0.0, 'diy_5': 0.62}}
2025-07-26 01:20:33.933 | INFO | PID:267 | env_proxy_lazy.reset:100 - aisrv EnvProxy reset one game success
2025-07-26 01:20:33.936 | INFO | PID:262 | predict_common.standard_load_model_detail:319 - aisrv predict had not get pull model file, so r2025-02025-07-26 01:20:35.941 | INFO | PID:262 | predict_common.standard_load_model_detail:319 - aisrv predict had not get pull model file, so r2025-02025-07-26 01:20:40.363 | INFO | PID:262 | predict_common.standard_load_model_detail:319 - aisrv predict had not get pull model file, so r2025-07-26 01:20:46.362 | INFO | PID:267 | train_workflow.run_episodes:141 - aisrv Game truncated! step_no:999 score:0.0 win_rate:0
2025-07-26 01:20:42025-07-26 01:20:47.096 | INFO | PID:262 | predict_common.standard_load_model_detail:319 - aisrv predict had not get pull model file, so return
2025-07-26 01:20:50.291 | INFO | PID:262 | predict_common.standard_load_model_detail:319 - aisrv predict had not get pull model file, so return
2025-07-26 01:20:50.645 | INFO | PID:267 | train_workflow.run_episodes:141 - aisrv Game truncated! step_no:999 score:0.0 win_rate:0
2025-07-26 01:20:50.753 | INFO | PID:267 | train_workflow.run_episodes:69 - aisrv training_metrics is {'basic': {'train_global_step': 51.0, 'sample_production_and_consumption_ratio': 3.86, 'episode_cnt': 32.0, 'sample_receive_cnt': 27084.0, 'predict_succ_cnt': 33672.0, 'load_model_succ_cnt': 0.0}, 'algorithm': {'reward': -0.0, 'q_value': 0.1, 'value_loss': 0.03, 'policy_loss': 0, 'entropy_loss': 0}, 'env': {'total_score': 33.75, 'treasure_score': 0.0, 'max_steps': 1000.0, 'finished_steps': 924.88, 'treasure_random': 0.0, 'total_treasures': 0.0, 'collected_treasures': 0.0, 'buff_cnt': 0.0, 'buff_cooldown': 100.0, 'talent_cooldown': 100.0, 'talent_cnt': 0.0, 'buff_random': 1.0, 'obstacle_count': 0.0, 'obstacle_random': 0.0}, 'diy': {'diy_1': 0.0, 'diy_2': -0.02, 'diy_3': 0.88, 'diy_4': 0.0, 'diy_5': 0.53}}
2025-07-26 01:20:50.872 | INFO | PID:267 | env_proxy_lazy.reset:100 - aisrv EnvProxy reset one game 2025-07-26 01:20:56.217 | INFO | PID:263 | predict_common.standard_load_model_detail:319 - aisrv predict had not get pull model file, so return
2025-07-26 01:20:56.496 | INFO | PID:267 | train_workflow.run_episodes:147 - aisrv Game terminated! step_no:595 score:230.8 win_rate:0
2025-07-26 01:20:2025-07-26 01:21:01.743 | INFO | PID:262 | predict_common.standard_load_model_detail:319 - aisrv predict had not get pull model file, so return
2025-07-26 01:21:05.392 | INFO | PID:262 | predict_common.standard_load_model_detail:319 - aisrv predict had not get pull model file, so return
2025-07-26 01:21:08.587 | INFO | PID:267 | train_workflow.run_episodes:141 - aisrv Game truncated! step_no:999 score:0.0 win_rate:0
2025-07-26 01:21:08.680 | INFO | PID:267 | train_workflow.run_episodes:69 - aisrv training_metrics is {'basic': {'train_global_step': 128.0, 'sample_production_and_consumption_ratio': 4.49, 'episode_cnt': 46.0, 'sample_receive_cnt': 58405.0, 'predict_succ_cnt': 33672.0, 'load_model_succ_cnt': 0.0}, 'algorithm': {'reward': -0.0, 'q_value': 0.1, 'value_loss': 0.03, 'policy_loss': 0, 'entropy_loss': 0}, 'env': {'total_score': 33.75, 'treasure_score': 0.0, 'max_steps': 1000.0, 'finished_steps': 924.88, 'treasure_random': 0.0, 'total_treasures': 0.0, 'collected_treasures': 0.0, 'buff_cnt': 0.0, 'buff_cooldown': 100.0, 'talent_cooldown': 100.0, 'talent_cnt': 0.0, 'buff_random': 1.0, 'obstacle_count': 0.0, 'obstacle_random': 0.0}, 'diy': {'diy_1': 0.0, 'diy_2': -0.02, 'diy_3': 0.88, 'diy_4': 0.0, 'diy_5': 0.53}}
2025-07-26 01:21:08.803 | INFO | PID:267 | env_proxy_lazy.reset:100 - aisrv EnvProxy reset one game su2025-07-26 01:21:12.019 | INFO | PID:262 | model_file_sync.pull_checkpoint_from_model_pool:902 - model_file_sync pull kaiwu_checkpoint_back_to_the_realm_v2_target_dqn_100.tar.gz from modelpool to /data/ckpt/back_to_the_realm_v2_target_dqn/models/model.ckpt_back_to_the_realm_v2_target_dqn_0 suc2025-07-26 01:21:13.429 | INFO | PID:261 | model_file_sync.pull_checkpoint_from_model_pool:902 - model_file_sync pull kaiwu_checkpoint_back_to_the_realm_v2_target_dqn_100.tar.gz from modelpool to /data/ckpt/back_to_the_realm_v2_target_dqn/models/model.ckpt_back_to_the_2025-07-26 01:21:13.655 | INFO | PID:263 | agent.load_model:87 - aisrv load model /data/ckpt/back_to_the_realm_v2_target_dqn/models/model.ckpt_back_to_the_realm_v2_target_dqn_0/model.ckpt-100.pkl successfully
2025-07-26 01:21:13.656 | INFO | PID:263 | predict_common.standard_load_model_detail:2025-07-26 01:21:16.673 | INFO | PID:262 | agent.load_model:87 - aisrv load model /data/ckpt/back_to_the_realm_v2_target_dqn/models/model.ckpt_back_to_the_realm_v2_target_dqn_0/model.ckpt-100.pkl successfully
2025-07-26 01:21:16.674 | INFO | PID:262 | predict_common.standard_load_model_detail:350 - aisrv predict standard_load_model success, policy train_one, path /data/ckpt/back_to_the_realm_v2_target_dqn/models/model.ckpt_back_to_the_realm_v2_target_dqn_0, id 100
2025-07-26 01:21:20.149 | INFO | PID:264 | learner_proxy.sample_server_stat:212 - learner_proxy send reverb server stat, succ_cnt is 33264, error_cnt is 0
2025-07-26 01:21:26.355 | INFO | PID:267 | train_workflow.run_episodes:141 - aisrv Game truncated! step_no:999 score:0.0 win_rate:0
2025-07-26 01:21:26.621 | INFO | PID:267 | train_workflow.run_episodes:69 - aisrv training_metrics is {'basic': {'train_global_step': 128.0, 'sample_production_and_consumption_ratio': 4.49, 'episode_cnt': 46.0, 'sample_receive_cnt': 58405.0, 'predict_succ_cnt': 65247.0, 'load_model_succ_cnt': 0.0}, 'algorithm': {'reward': -0.0, 'q_value': 0.1, 'value_loss': 0.03, 'policy_loss': 0, 'entropy_loss': 0}, 'env': {'total_score': 33.75, 'treasure_score': 0.0, 'max_steps': 1000.0, 'finished_steps': 924.88, 'treasure_random': 0.0, 'total_treasures': 0.0, 'collected_treasures': 0.0, 'buff_cnt': 0.0, 'buff_cooldown': 100.0, 'talent_co2025-07-26 01:21:32.509 | INFO | PID:263 | agent.load_model:87 - aisrv load model /data/ckpt/back_to_the_realm_v2_target_dqn/models/model.ckpt_back_to_the_realm_v2_target_dqn_0/model.ckpt-100.pkl successfully
2025-07-26 01:21:32.511 | INFO | PID:263 | predict_common.standard_load_model_detail:2025-07-26 01:21:32.840 | INFO | PID:267 | train_workflow.run_episodes:147 - aisrv Game terminated! step_no:269 score:296.0 win_rate:0
2025-07-26 01:21:32.879 | INFO | PID:267 | train_workflow.run_episodes:69 - aisrv training_metrics is {'basic': {'train_global_step': 128.0, 'sample_production_and_consumption_ratio': 4.49, 'episode_cnt': 46.0, 'sample_receive_cnt': 58405.0, 'predict_succ_cnt': 65247.0, 'load_model_succ_cnt': 0.0}, 'algorithm': {'reward': 0.0, 'q_value': 0.11, 'value_loss': 0.02, 'policy_loss': 0, 'entropy_loss': 0}, 'env': {'total_score': 33.75, 'treasure_score': 0.0, 'max_steps': 1000.0, 'finished_steps': 924.88, 'treasure_random': 0.0, 'total_treasures': 0.0, 'collected_treasures': 0.0, 'buff_cnt': 0.0, 'buff_cooldown': 100.0, 'talent_cooldown': 100.0, 'talent_cnt': 0.0, 'buff_random': 1.0, 'obstacle_count': 0.0, 'obstacle_random': 0.0}, 'diy': {'diy_1': 0.0, 'diy_2': -0.02, 'diy_3': 0.88, 'diy_4': 0.0, 'diy_5': 0.53}}
2025-07-26 01:21:33.024 | INFO | PID:267 | env_proxy_lazy.reset:100 - aisrv EnvProxy reset one game success
2025-07-26 01:21:33.594 | INFO | PID:262 | agent.load_model:87 - aisrv load model /data/ckpt/back_to_the_realm_v2_target_dqn/models/model.ckpt_back_to_the_realm_v2_target_d2025-07-26 01:21:48.724 | INFO | PID:263 | agent.load_model:87 - aisrv load model /data/ckpt/back_to_the_realm_v2_target_dqn/models/model.ckpt_back_to_the_realm_v2_target_dqn_0/model.ckpt-100.pkl successfully
2025-07-26 01:21:48.725 | INFO | PID:263 | predict_common.standard_load_model_detail:350 - aisrv predict standard_load_model success, policy train_one, path /data/ckpt/back_to_the_realm_v2_target_dqn/models/model.ckpt_back_to_the_realm_v2_target_dqn_0, id 100
2025-07-26 01:21:48.836 | INFO | PID:267 | train_workflow.run_episodes:141 - aisrv Game truncated! step_no:999 score:0.0 win_rate:0
2025-07-26 01:21:48.940 | INFO | PID:267 | train_workflow.run_episodes:69 - aisrv training_metrics is {'basic': {'train_global_step': 128.0, 'sample_production_and_c2025-07-26 01:21:49.249 | INFO | PID:267 | train_workflow.run_episodes:141 - aisrv Game truncated! step_no:999 score:0.0 win_rate:0
2025-07-26 01:21:49.359 | INFO | PID:267 | train_workflow.run_episodes:69 - aisrv training_metrics is {'basic': {'train_global_step': 128.0, 'sample_production_and_consumption_ratio': 4.49, 'episode_cnt': 60.0, 'sample_receive_cnt': 58405.0, 'predict_succ_cnt': 65247.0, 'load_model_succ_cnt': 0.0}, 'algorithm': {'reward': 0.0, 'q_value': 0.11, 'value_loss': 0.02, 'policy_loss': 0, 'entropy_loss': 0}, 'env': {'total_score': 0.0, 'treasure_score': 0.0, 'max_steps': 1000.0, 'finished_steps': 1000.0, 'treasure_random': 0.0, 'total_treasures': 0.0, 'collected_treasures': 0.0, 'buff_cnt': 0.62, 'buff_cooldown': 100.0, 'talent2025-07-26 01:22:04.648 | INFO | PID:263 | agent.load_model:87 - aisrv load model /data/ckpt/back_to_the_realm_v2_target_dqn/models/model.ckpt_back_to_the_realm_v2_target_dqn_0/model.ckpt-100.pkl successfully
2025-07-26 01:22:04.649 | INFO | PID:263 | predict_common.standard_load_model_detail:350 - aisrv predict standard_load_model success, policy train_one, path /data/ckpt/back_to_the_realm_v2_target_dqn/models/model.ckpt_back_to_the_realm_v2_target_dqn_0, id 100
2025-07-26 01:22:04.738 | INFO | PID:267 | train_workflow.run_episodes:141 - aisrv Game truncated! step_no:999 score:0.0 win_rate:0.09090909090909091
2025-07-26 01:22:04.835 | INFO | PID:267 | train_workflow.run_episodes:69 - aisrv training_metrics is {'basic': {'train_global_step': 128.0, 'sample_production_and_consumption_ratio': 4.49, 'episode_cnt': 77.0, 'sample_receive_cnt': 58405.0, 'predict_succ_cnt': 65247.0, 'load_model_succ_cnt': 0.0}, 'algorithm': {'reward': 0.0, 'q_value': 0.11, 'value_loss': 0.02, 'policy_loss': 0, 'entropy_loss': 0}, 'env': {'total_score': 0.0, 'treasure_score': 0.0, 'max_steps': 1000.0, 'finished_steps': 1000.0, 'treasure_random': 0.0, 'total_treasures': 0.0, 'collected_treasures': 0.0, 'buff_cnt': 0.75, 'buff_cooldown': 1002025-07-26 01:22:05.747 | INFO | PID:267 | train_workflow.run_episodes:141 - aisrv Game truncated! step_no:999 score:0.0 win_rate:0.09090909090909091
2025-07-26 01:22:05.839 | INFO | PID:267 | train_workflow.run_episodes:69 - aisrv training_metrics is {'basic': {'train_global_step': 128.0, 'sample_producti2025-07-26 01:22:07.710 | INFO | PID:263 | agent.load_model:87 - aisrv load model /data/ckpt/back_to_the_realm_v2_target_dqn/models/model.ckpt_back_to_the_realm_v2_target_dqn_0/model.ckpt-100.pkl successfully
2025-07-26 01:22:07.711 | INFO | PID:263 | predict_common.standard_load_model_detail:350 - aisrv predict standard_load_model success, policy train_one, path /data/ckpt/back_to_the_realm_v2_target_dqn/models/model.ckpt_back_to_the_realm_v2_target_dqn_0, id 100
2025-07-26 01:22:12.062 | INFO | PID:263 | actor_proxy_local.predict_stat:482 - aisrv predict now predict count is 47537
2025-07-26 01:22:18.967 | INFO | PID:267 | train_workflow.run_episodes:141 - aisrv Game truncated! step_no:999 score:0.0 win_rate:0.08333333333333333
2025-07-26 01:22:19.063 | INFO | PID:267 | train_workflow.run_episodes:69 - aisrv training_metrics is {'basic': {'train_global_step': 202.0, 'sample_production_and_consumption_ratio': 4.56, 'episode_cnt': 82.0, 'sample_receive_cnt': 90807.0, 'predict_succ_cnt': 96361.0, 'load_model_succ_cnt': 10.0}, 'algorithm': {'reward': 0.0, 'q_value': 0.11, 'value_loss': 0.02, 'policy_loss': 0, 'entropy_loss': 0}, 'env': {'total_score': 0.0, 'treasure_score': 0.0, 'max_steps': 1000.0, 'finished_steps': 1000.0, 'treasure_random': 0.0, 'total_treasures': 0.0, 'collected_treasures': 0.0, 'buff_cnt': 0.75, 'buff_cooldown': 102025-07-26 01:22:22.159 | INFO | PID:267 | train_workflow.run_episodes:141 - aisrv Game truncated! step_no:999 score:0.0 win_rate:0.08333333333333333
2025-07-26 01:22:22.260 | INFO | PID:267 | train_workflow.run_episodes:69 - aisrv training_metrics is {'basic': {'train_global_step': 202.0, 'sample_production_and_consumption_ratio': 4.56, 'episode_cnt': 82.0, 'sample_receive_cnt': 90807.0, 'predict_succ_cnt': 96361.0, 'load_model_succ_cnt': 10.0}, 'algorithm':2025-07-26 01:22:23.969 | INFO | PID:263 | agent.load_model:87 - aisrv load model /data/ckpt/back_to_the_realm_v2_target_dqn/models/model.ckpt_back_to_the_realm_v2_target_dqn_0/model.ckpt-100.pkl successfully
2025-07-26 01:22:23.970 | INFO | PID:263 | predict_common.standard_load_model_detail:350 - aisrv predict standard_load_model success, policy train_one, path /data/ckpt/back_to_the_realm_v2_target_dqn/models/model.ckpt_back_to_the_realm_v2_target_dqn_0, id 100
2025-07-26 01:22:33.355 | INFO | PID:267 | train_workflow.run_episodes:141 - aisrv Game truncated! step_no:999 score:0.0 win_rate:0.07692307692307693
2025-07-26 01:22:33.453 | INFO | PID:267 | train_workflow.run_episodes:69 - aisrv training_metrics is {'basic': {'train_global_step': 202.0, 'sample_production_and_consumption_ratio': 4.56, 'episode_cnt': 82.0, 'sample_receive_cnt': 90807.0, 'predict_succ_cnt': 96361.0, 'load_model_succ_cnt': 10.0}, 'algorithm': {'reward': -0.01, 'q_value': 0.27, 'value_loss': 0.31, 'policy_loss': 0, 'entropy_loss': 0}, 'env': {'total_score': 0.0, 'treasure_score': 0.0, 'max_steps': 1000.0, 'finished_steps': 1000.0, 'treasure_random': 0.0, 'total_treasures': 0.0, 'collected_treasures': 0.0, 'buff_cnt': 0.75, 'buff_cooldown': 2025-07-26 01:22:38.814 | INFO | PID:267 | train_workflow.run_episodes:141 - aisrv Game truncated! step_no:999 score:0.0 win_rate:0.07692307692307693
2025-07-26 01:22:38.908 | INFO | PID:267 | train_workflow.run_episodes:69 - aisrv training_metrics is {'basic': {'train_global_step': 202.0, 'sample_production_2025-07-26 01:22:39.275 | INFO | PID:267 | train_workflow.run_episodes:147 - aisrv Game terminated! step_no:422 score:265.4 win_rate:0.14285714285714285
2025-07-26 01:22:39.309 | INFO | PID:267 | train_workflow.run_episodes:69 - aisrv training_metrics is {'basic': {'train_global_step': 202.0, 'sample_production_and_consumption_ratio': 4.56, 'episode_cnt': 82.0, 'sample_receive_cnt': 90807.0, 'predict_succ_cnt': 96361.0, 'load_model_succ_cnt': 10.0}, 'algorithm': {'reward': -0.01, 'q_value': 0.27, 'value_loss': 0.31, 'policy_loss': 0, 'entropy_loss': 0}, 'env': {'total_score': 0.0, 'treasure_score': 0.0, 'max_steps': 1000.0, 'finished_steps': 1000.0, 'treasure_random': 0.0, 'total_treasures': 0.0, 'collected_treasures': 0.0, 'buff_cnt': 0.75, 'buff_cooldo2025-07-26 01:22:45.126 | INFO | PID:262 | agent.load_model:87 - aisrv load model /data/ckpt/back_to_the_realm_v2_target_dqn/models/model.ckpt_back_to_the_realm_v2_target_dqn_0/model.ckpt-100.pkl successfully
2025-07-26 01:22:45.127 | INFO | PID:262 | predict_common.standard_load_model_detail:350 - aisrv predict standard_load_model success, policy train_one, path /data/ckpt/back_to_the_realm_v2_target_dqn/models/model.ckpt_back_to_the_realm_v2_target_dqn_0, id 100
2025-07-26 01:22:46.288 | INFO | PID:262 | agent.load_model:87 - aisrv load model /data/ckpt/back_to_the_realm_v2_target_dqn/models/model.ckpt_back_to_the_realm_v2_target_dqn_0/model.ckpt-100.pkl successfully
2025-07-26 01:22:46.289 | INFO | PID:262 | predict_common.standard_load_model_detail:350 - aisrv predict standard_load_model success, policy train_one, path /data/ckpt/back_to_the_realm_v2_target_dqn/models/model.ckpt_back_to_the_realm_v2_target_dqn_0, id 100
2025-07-26 01:22:54.972 | INFO | PID:267 | train_workflow.run_episodes:141 - aisrv Game truncated! step_no:999 score:0.0 win_rate:0.07142857142857142
2025-07-26 01:22:55.048 | INFO | PID:267 | train_workflow.run_episodes:69 - aisrv training_metrics is {'basic': {'train_global_step': 202.0, 'sample_production_and_consumption_ratio': 4.56, 'episode_cnt': 93.0, 'sample_receive_cnt': 90807.0, 'predict_succ_cnt': 96361.0, 'load_model_succ_cnt': 10.0}, 'algorithm': {'reward': -0.01, 'q_value': 0.27, 'value_loss': 0.31, 'policy_loss': 0, 'entropy_loss': 0}, 'env': {'total_score': 0.0, 'treasure_score': 0.0, 'max_steps': 1000.0, 'finished_steps': 1000.0, 'treasure_random': 0.0, 'total_treasures': 0.0, 'collected_treasures': 0.0, 'buff_cnt': 0.62, 'buff_cooldown': 100.0, 'talent_cooldown': 100.0, 'talent_cnt': 0.0, 'buff_random': 1.0, 'obstacle_count': 0.0, 'obstacle_random': 0.0}, 'diy': {'diy_1': 0.08, 'diy_2': -0.01, 'diy_3': 0.0, 'diy_4': -0.75, 'diy_5': 0.56}}
2025-07-26 01:22:55.159 | INFO | PID:267 | env_proxy_lazy.reset:100 - aisrv EnvProxy reset one game success
2025-07-26 01:22:59.925 | INFO | PID:262 | agent.load_model:87 - aisrv load model /data/ckpt/back_to_the_realm_v2_target_dqn/models/model.ckpt_back_to_the_realm_v2_target_dqn_0/model.ckpt-100.pkl successfully
2025-07-26 01:22:59.926 | INFO | PID:262 | predict_common.standard_load_model_detail:350 - aisrv predict standard_load_model success, policy train_one, path /data/ckpt/back_to_the_realm_v2_target_dqn/models/model.ckpt_back_to_the_realm_v2_target_dqn_0, id 100
2025-07-26 01:23:11.185 | INFO | PID:267 | train_workflow.run_episodes:141 - aisrv Game truncated! step_no:999 score:0.0 win_rate:0.06666666666666667
2025-07-26 01:23:11.276 | INFO | PID:267 | train_workflow.run_episodes:69 - aisrv training_metrics is {'basic': {'train_global_step': 280.0, 'sample_production_and_consumption_ratio': 4.7, 'episode_cnt': 107.0, 'sample_receive_cnt': 122070.0, 'predict_succ_cnt': 96361.0, 'load_model_succ_cnt': 10.0}, 'algorithm': {'reward': -0.01, 'q_value': 0.27, 'value_loss': 0.31, 'policy_loss': 0, 'entropy_loss': 0}, 'env': {'total_score': 0.0, 'treasure_score': 0.0, 'max_steps': 1000.0, 'finished_steps': 1000.0, 'treasure_random': 0.0, 'total_treasures': 0.0, 'collected_treasures': 0.0, 'buff_cnt': 0.5, 'buff_cooldown': 100.0, 'talent_cooldown': 100.0, 'talent_cnt': 0.0, 'buff_random': 1.0, 'obstacle_count': 0.0, 'obstacle_random': 0.0}, 'diy': {'diy_1': 0.1, 'diy_2': -0.01, 'diy_3': 0.0, 'diy_4': -0.75, 'diy_5': 0.5}}
2025-07-26 01:23:11.397 | INFO | PID:267 | env_proxy_lazy.reset:100 - aisrv EnvProxy reset one game success
2025-07-26 01:23:13.426 | INFO | PID:261 | model_file_sync.pull_checkpoint_from_model_pool:902 - model_file_sync pull kaiwu_checkpoint_back_to_the_realm_v2_target_dqn_200.tar.gz from modelpool to /data/ckpt/back_to_the_realm_v2_target_dqn/models/model.ckpt_back_to_the_realm_v2_target_dqn_0 success                                 total pull from modelpool succ cnt is 2                                 total pull from modelpool err cnt is 0
2025-07-26 01:23:13.592 | INFO | PID:262 | actor_proxy_local.predict_stat:482 - aisrv predict now predict count is 65482
2025-07-26 01:23:13.990 | INFO | PID:262 | agent.load_model:87 - aisrv load model /data/ckpt/back_to_the_realm_v2_target_dqn/models/model.ckpt_back_to_the_realm_v2_target_dqn_0/model.ckpt-200.pkl successfully
2025-07-26 01:23:13.991 | INFO | PID:262 | predict_common.standard_load_model_detail:350 - aisrv predict standard_load_model success, policy train_one, path /data/ckpt/back_to_the_realm_v2_target_dqn/models/model.ckpt_back_to_the_realm_v2_target_dqn_0, id 200
2025-07-26 01:23:20.362 | INFO | PID:267 | train_workflow.run_episodes:147 - aisrv Game terminated! step_no:562 score:237.4 win_rate:0.125
2025-07-26 01:23:20.415 | INFO | PID:267 | train_workflow.run_episodes:69 - aisrv training_metrics is {'basic': {'train_global_step': 280.0, 'sample_production_and_consumption_ratio': 4.7, 'episode_cnt': 117.0, 'sample_receive_cnt': 122070.0, 'predict_succ_cnt': 129682.0, 'load_model_succ_cnt': 20.0}, 'algorithm': {'reward': -0.01, 'q_value': 0.27, 'value_loss': 0.31, 'policy_loss': 0, 'entropy_loss': 0}, 'env': {'total_score': 0.0, 'treasure_score': 0.0, 'max_steps': 1000.0, 'finished_steps': 1000.0, 'treasure_random': 0.0, 'total_treasures': 0.0, 'collected_treasures': 0.0, 'buff_cnt': 0.0, 'buff_cooldown': 100.0, 'talent_cooldown': 100.0, 'talent_cnt': 0.0, 'buff_random': 1.0, 'obstacle_count': 0.0, 'obstacle_random': 0.0}, 'diy': {'diy_1': 0.1, 'diy_2': -0.01, 'diy_3': 0.0, 'diy_4': -0.75, 'diy_5': 0.5}}
2025-07-26 01:23:20.528 | INFO | PID:267 | env_proxy_lazy.reset:100 - aisrv EnvProxy reset one game success
2025-07-26 01:23:23.051 | INFO | PID:264 | learner_proxy.sample_server_stat:212 - learner_proxy send reverb server stat, succ_cnt is 67205, error_cnt is 0
2025-07-26 01:23:27.523 | INFO | PID:262 | agent.load_model:87 - aisrv load model /data/ckpt/back_to_the_realm_v2_target_dqn/models/model.ckpt_back_to_the_realm_v2_target_dqn_0/model.ckpt-200.pkl successfully
2025-07-26 01:23:27.523 | INFO | PID:262 | predict_common.standard_load_model_detail:350 - aisrv predict standard_load_model success, policy train_one, path /data/ckpt/back_to_the_realm_v2_target_dqn/models/model.ckpt_back_to_the_realm_v2_target_dqn_0, id 200
2025-07-26 01:23:29.661 | INFO | PID:262 | agent.load_model:87 - aisrv load model /data/ckpt/back_to_the_realm_v2_target_dqn/models/model.ckpt_back_to_the_realm_v2_target_dqn_0/model.ckpt-200.pkl successfully
2025-07-26 01:23:29.662 | INFO | PID:262 | predict_common.standard_load_model_detail:350 - aisrv predict standard_load_model success, policy train_one, path /data/ckpt/back_to_the_realm_v2_target_dqn/models/model.ckpt_back_to_the_realm_v2_target_dqn_0, id 200
2025-07-26 01:23:36.758 | INFO | PID:267 | train_workflow.run_episodes:141 - aisrv Game truncated! step_no:999 score:0.0 win_rate:0.11764705882352941
2025-07-26 01:23:36.840 | INFO | PID:267 | train_workflow.run_episodes:69 - aisrv training_metrics is {'basic': {'train_global_step': 280.0, 'sample_production_and_consumption_ratio': 4.7, 'episode_cnt': 124.0, 'sample_receive_cnt': 122070.0, 'predict_succ_cnt': 129682.0, 'load_model_succ_cnt': 20.0}, 'algorithm': {'reward': 0.01, 'q_value': 0.29, 'value_loss': 0.01, 'policy_loss': 0, 'entropy_loss': 0}, 'env': {'total_score': 0.0, 'treasure_score': 0.0, 'max_steps': 1000.0, 'finished_steps': 1000.0, 'treasure_random': 0.0, 'total_treasures': 0.0, 'collected_treasures': 0.0, 'buff_cnt': 0.0, 'buff_cooldown': 100.0, 'talen2025-07-26 01:23:38.285 | INFO | PID:267 | train_workflow.run_episodes:141 - aisrv Game truncated! step_no:999 score:0.0 win_rate:0.1111111111111111
2025-07-26 01:23:38.366 | INFO | PID:267 | train_workflow.run_episodes:69 - aisrv training_metrics is {'basic': {'train_global_step': 280.0, 'sample_production_and_consumption_ratio': 4.7, 'episode_cnt': 124.0, 'sample_receive_cnt': 122070.0, 'predict_succ_cnt': 129682.0, 'load_model_succ_cnt': 20.0}, 'algorithm': {'reward': 0.01, 'q_value': 0.29, 'value_loss': 0.01, 'policy_loss': 0, 'entropy_loss': 0}, 'env': {'total_score': 0.0, 'treasure_score': 0.0, 'max_steps': 1000.0, 'finished_steps': 1000.0, 'treasure_random': 0.0, 'total_treasures': 0.0, 'collected_treasures': 0.0, 'buff_cnt': 0.0, 'buff_cooldown': 102025-07-26 01:23:42.519 | INFO | PID:262 | agent.load_model:87 - aisrv load model /data/ckpt/back_to_the_realm_v2_target_dqn/models/model.ckpt_back_to_the_realm_v2_target_dqn_0/model.ckpt-200.pkl successfully
2025-07-26 01:23:42.520 | INFO | PID:262 | predict_common.standard_load_model_detail:350 - aisrv pre2025-07-26 01:23:48.471 | INFO | PID:267 | train_workflow.run_episodes:147 - aisrv Game terminated! step_no:641 score:221.6 win_rate:0.15789473684210525
2025-072025-07-26 01:23:53.127 | INFO | PID:267 | train_workflow.run_episodes:141 - aisrv Game truncated! step_no:999 score:0.0 win_rate:0.1111111111111111
2025-07-26 01:23:53.219 | INFO | PID:267 | train_workflow.run_episodes:69 - aisrv training_metrics is {'basic': {'train_global_step': 280.0, 'sample_production_and_consumption_ratio': 4.7, 'episode_cnt': 130.0, 'sample_receive_cnt': 122070.0, 'predict_succ_cnt': 129682.0, 'load_model_succ_cnt': 20.0}, 'algorithm': {'reward': 0.01, 'q_value': 0.29, 'value_loss': 0.01, 'policy_loss': 0, 'entropy_loss': 0}, 'env': {'total_score': 25.5, 'treasure_score': 0.0, 'max_steps': 1000.0, 'finished_steps': 965.88, 'treasure_random': 0.0, 'total_treasures': 0.0, 'collected_treasures': 0.0, 'buff_cnt': 0.0, 'buff_cooldown': 100.0, 'talent_cooldown': 100.0, 'talent_cnt': 0.0, 'buff_random': 1.0, 'obstacle_count': 0.0, 'obstacle_random': 0.0}, 'diy': {'diy_1': 0.14, 'diy_2': -0.02, 'diy_3': 1.06, 'diy_4': -0.75, 'diy_5': 0.46}}
2025-07-26 01:23:53.339 | INFO | PID:267 | env_proxy_lazy.reset:100 - aisrv EnvProxy reset one game success
2025-07-26 01:23:56.314 | INFO | PID:262 | agent.load_model:87 - aisrv load model /data/ckpt/back_to_the_realm_v2_target_dqn/models/model.ckpt_back_to_the_realm_v2_target_dqn_0/model.ckpt-200.pkl successfully
2025-07-26 01:23:56.315 | INFO | PID:262 | predict_common.standard_load_model_detail:350 - aisrv predic2025-07-26 01:24:04.283 | INFO | PID:267 | train_workflow.run_episodes:141 - aisrv Game truncated! step_no:999 score:0.0 win_rate:0.15
2025-07-26 01:24:04.362025-07-26 01:24:09.269 | INFO | PID:267 | train_workflow.run_episodes:141 - aisrv Game truncated! step_no:999 score:0.0 win_rate:0.10526315789473684
2025-07-26 01:24:09.345 | INFO | PID:267 | train_workflow.run_episodes:69 - aisrv training_metrics is {'basic': {'train_global_step': 358.0, 'sample_production_and_consumption_ratio': 4.69, 'episode_cnt': 150.0, 'sample_receive_cnt': 156292.0, 'predict_succ_cnt': 129682.0, 'load_model_succ_cnt': 20.0}, 'algorithm': {'reward': 0.01, 'q_value': 0.29, 'value_loss': 0.01, 'policy_loss': 0, 'entropy_loss': 0}, 'env': {'total_score': 52.75, 'treasure_score': 0.0, 'max_steps': 1000.0, 'finished_steps': 923.0, 'treasure_random': 0.0, 'total_treasures': 0.0, 'collected_treasures': 0.0, 'buff_cnt': 0.0, 'buff_cooldown': 100.0, 'talent_cooldown': 100.0, 'talent_cnt': 0.0, 'buff_random': 1.0, 'obstacle_count': 0.0, 'obstacle_random': 0.0}, 'diy': {'diy_1': 0.16, 'diy_2': -0.02, 'diy_3': 1.06, 'diy_4': 0.0, 'diy_5': 0.35}}
2025-07-26 01:24:09.464 | INFO | PID:267 | env_proxy_lazy.reset:100 - aisrv EnvProxy reset one game success
2025-07-26 01:24:09.983 | INFO | PID:262 | agent.load_model:87 - aisrv load model /data/ckpt/back_to_the_realm_v2_target_dqn/models/model.ckpt_back_to_the_realm_v2_target_dqn_0/model.ckpt-200.pkl successfully
2025-07-26 01:24:09.984 | INFO | PID:262 | predict_common.standard_load_model_detail:352025-07-26 01:24:12.067 | INFO | PID:263 | actor_proxy_local.predict_stat:482 - aisrv predict now predict count is 80591
2025-07-26 01:24:18.432 | INFO | PID:267 | train_workflow.run_episodes:141 - aisrv Game truncated! step_no:999 score:0.0 win_rate:0.14285714285714285
2025-07-26 01:24:18.527 | INFO | PID:267 | train_workflow.run_episodes:69 - aisrv training_metrics is {'basic': {'train_global_step': 358.0, 'sample_production_and_consumption_ratio': 4.69, 'episode_cnt': 161.0, 'sample_receive_cnt': 156292.0, 'predict_succ_cnt': 162815.0, 'load_model_succ_cnt': 32.0}, 'algorithm': {'reward': 0.01, 'q_value': 0.29, 'value_loss': 0.01, 'policy_loss': 0, 'entropy_loss': 0}, 'env': {'total_score': 52.75, 'treasure_score': 0.0, 'max_steps': 1000.0, 'finished2025-07-26 01:24:25.573 | INFO | PID:267 | train_workflow.run_episodes:141 - aisrv Game truncated! step_no:999 score:0.0 win_rate:0.1
2025-07-26 01:24:25.666 | INFO | PID:267 | train_workflow.run_episodes:69 - aisrv training_metrics is {'basic': {'train_global_step': 358.0, 'sample_production_and_consumption_ratio': 4.69, 'episode_cnt': 161.0, 'sample_receive_cnt': 156292.0, 'predict_succ_cnt': 162815.0, 'load_model_succ_cnt': 32.0}, 'algorithm': {'reward': 0.01, 'q_value': 0.29, 'value_loss': 0.01, 'policy_loss': 0, 'entropy_loss': 0}, 'env': {'total_score': 52.75, 'treasure_score': 0.0, 'max_steps': 1000.0, 'finished_steps': 923.0, 'treasure_random': 0.0, 'total_treasures': 0.0, 'collected_treasures': 0.0, 'buff_cnt': 0.12, 'buff_cooldown': 100.0, 'talent_cooldown': 100.0, 'talent_cnt': 0.0, 'buff_random': 1.0, 'obstacle_count': 0.0, 'obstacle_random': 0.0}, 'diy': {'diy_1': 0.16, 'diy_2': -0.02, 'diy_3': 1.06, 'diy_4': 0.0, 'diy_5': 0.34}}
2025-07-26 01:24:25.775 | INFO | PID:264 | learner_proxy.sample_server_stat:212 - learner_proxy send rever2025-07-26 01:24:27.185 | INFO | PID:267 | train_workflow.run_episodes:147 - aisrv Game terminated! step_no:644 score:221.0 win_rate:0.18181818181818182
20252025-07-26 01:24:28.724 | INFO | PID:262 | agent.load_model:87 - aisrv load model /data/ckpt/back_to_the_realm_v2_target_dqn/models/model.ckpt_back_to_the_realm_v2_target_dqn_0/model.ckpt-200.pkl successfully
2025-07-26 01:24:28.725 | INFO | PID:262 | predict_common.standard_load_model_detail:350 - aisrv predict standard_load_model success, policy train_one, path /data/ckpt/back_to_the_realm_v2_target_dqn/models/model.ckpt_back_to_the_realm_v2_target_dqn_0, id 200
2025-07-26 01:24:41.839 | INFO | PID:267 | train_workflow.run_episodes:141 - aisrv Game truncated! step_no:999 score:0.0 win_rate:0.09523809523809523
2025-07-26 01:24:41.942 | INFO | PID:267 | train_workflow.run_episodes:69 - aisrv training_metrics is {'basic': {'train_global_step': 358.0, 'sample_production_and_consumption_ratio': 4.69, 'episode_cnt': 171.0, 'sample_receive_cnt': 156292.0, 'predict_succ_cnt': 162815.0, 'load_model_succ_cnt': 32.0}, 'algorithm': {'reward': 0.01, 'q_value': 0.27, 'value_loss': 0.14, 'policy_loss': 0, 'entropy_loss': 0}, 'env': {'total_score': 52.75, 'treasure_score': 0.0, 'max_steps': 1000.0, 'finished_steps': 923.0, 'treasure_random': 0.0, 'total_treasures': 0.0, 'collected_treasures': 0.0, 'buff_cnt': 0.38, 'buff_cooldown': 100.0, 'talent_cooldown': 100.0, 'talent_cnt': 0.0, 'buff_random': 1.0, 'obstacle_count': 0.0, 'obstacle_random': 0.0}, 'diy': {'diy_1': 0.16, 'diy_2': -0.02, 'diy_3': 1.06, 'diy_4': 0.0, 'diy_5': 0.34}}
2025-07-26 01:24:42.094 | INFO | PID:267 | env_proxy_lazy.reset:100 - aisrv EnvProxy reset one game success
2025-07-26 01:24:42.658 | INFO | PID:262 | agent.load_model:87 - aisrv load model /data/ckpt/back_to_the_realm_v2_target_dqn/models/model.ckpt_back_to_the_realm_v2_target_dqn_0/model.ckpt-200.pkl successfully
2025-07-26 01:24:42.658 | INFO | PID:262 | predict_common.standard_load_model_detail:350 - aisrv predict standard_load_model success, policy train_one, path /data/ckpt/back_to_the_realm_v2_target_dqn/models/model.ckpt_back_to_the_realm_v2_target_dqn_0, id 200
2025-07-26 01:24:50.054 | INFO | PID:262 | agent.load_model:87 - aisrv load model /data/ckpt/back_to_the_realm_v2_target_dqn/models/model.ckpt_back_to_the_realm_v2_target_dqn_0/model.ckpt-200.pkl successfully
2025-07-26 01:24:50.054 | INFO | PID:262 | predict_common.standard_load_model_detail:350 - aisrv predict standard_load_model success, policy train_one, path /data/ckpt/back_to_the_realm_v2_target_dqn/models/model.ckpt_back_to_the_realm_v2_target_dqn_0, id 200
2025-07-26 01:24:58.024 | INFO | PID:267 | train_workflow.run_episodes:141 - aisrv Game truncated! step_no:999 score:0.0 win_rate:0.09090909090909091
2025-07-26 01:24:58.122 | INFO | PID:267 | train_workflow.run_episodes:69 - aisrv training_metrics is {'basic': {'train_global_step': 358.0, 'sample_production_and_consumption_ratio': 4.69, 'episode_cnt': 171.0, 'sample_receive_cnt': 156292.0, 'predict_succ_cnt': 162815.0, 'load_model_succ_cnt': 32.0}, 'algorithm': {'reward': 0.01, 'q_value': 0.27, 'value_loss': 0.14, 'policy_loss': 0, 'entropy_loss': 0}, 'env': {'total_score': 52.75, 'treasure_score': 0.0, 'max_steps': 1000.0, 'finished_steps': 923.0, 'treasure_random': 0.0, 'total_treasures': 0.0, 'collected_treasures': 0.0, 'buff_cnt': 0.38, 'buff_cooldown': 100.0, 'talent_cooldown': 100.0, 'talent_cnt': 0.0, 'buff_random': 1.0, 'obstacle_count': 0.0, 'obstacle_random': 0.0}, 'diy': {'diy_1': 0.18, 'diy_2': 0.0, 'diy_3': 0.44, 'diy_4': 0.0, 'diy_5': 0.35}}
2025-07-26 01:24:58.243 | INFO | PID:267 | env_proxy_lazy.reset:100 - aisrv EnvProxy reset one game success
2025-07-26 01:25:03.846 | INFO | PID:262 | agent.load_model:87 - aisrv load model /data/ckpt/back_to_the_realm_v2_target_dqn/models/model.ckpt_back_to_the_realm_v2_target_dqn_0/model.ckpt-200.pkl successfully
2025-07-26 01:25:03.847 | INFO | PID:262 | predict_common.standard_load_model_detail:350 - aisrv predict standard_load_model success, policy train_one, path /data/ckpt/back_to_the_realm_v2_target_dqn/models/model.ckpt_back_to_the_realm_v2_target_dqn_0, id 200
2025-07-26 01:25:13.421 | INFO | PID:261 | model_file_sync.pull_checkpoint_from_model_pool:902 - model_file_sync pull kaiwu_checkpoint_back_to_the_realm_v2_target_dqn_400.tar.gz from modelpool to /data/ckpt/back_to_the_realm_v2_target_dqn/models/model.ckpt_back_to_the_realm_v2_target_dqn_0 success                                 total pull from modelpool succ cnt is 3                                 total pull from modelpool err cnt is 0
2025-07-26 01:25:13.595 | INFO | PID:262 | actor_proxy_local.predict_stat:482 - aisrv predict now predict count is 99033
2025-07-26 01:25:14.494 | INFO | PID:267 | train_workflow.run_episodes:141 - aisrv Game truncated! step_no:999 score:0.0 win_rate:0.08695652173913043
2025-07-26 01:25:14.584 | INFO | PID:267 | train_workflow.run_episodes:69 - aisrv training_metrics is {'basic': {'train_global_step': 435.0, 'sample_production_and_consumption_ratio': 4.7, 'episode_cnt': 189.0, 'sample_receive_cnt': 189528.0, 'predict_succ_cnt': 179719.0, 'load_model_succ_cnt': 36.0}, 'algorithm': {'reward': 0.01, 'q_value': 0.27, 'value_loss': 0.14, 'policy_loss': 0, 'entropy_loss': 0}, 'env': {'total_score': 0.0, 'treasure_score': 0.0, 'max_steps': 1000.0, 'finished_steps': 1000.0, 'treasure_random': 0.0, 'total_treasures': 0.0, 'collected_treasures': 0.0, 'buff_cnt': 0.38, 'buff_cooldown': 100.0, 'talent_cooldown': 100.0, 'talent_cnt': 0.0, 'buff_random': 1.0, 'obstacle_count': 0.0, 'obstacle_random': 0.0}, 'diy': {'diy_1': 0.2, 'diy_2': -0.01, 'diy_3': 0.0, 'diy_4': 0.0, 'diy_5': 0.49}}
2025-07-26 01:25:14.693 | INFO | PID:267 | env_proxy_lazy.reset:100 - aisrv EnvProxy reset one game success
2025-07-26 01:25:17.679 | INFO | PID:262 | agent.load_model:87 - aisrv load model /data/ckpt/back_to_the_realm_v2_target_dqn/models/model.ckpt_back_to_the_realm_v2_target_dqn_0/model.ckpt-400.pkl successfully
2025-07-26 01:25:17.680 | INFO | PID:262 | predict_common.standard_load_model_detail:350 - aisrv predict standard_load_model success, policy train_one, path /data/ckpt/back_to_the_realm_v2_target_dqn/models/model.ckpt_back_to_the_realm_v2_target_dqn_0, id 400
2025-07-26 01:25:19.529 | INFO | PID:262 | agent.load_model:87 - aisrv load model /data/ckpt/back_to_the_realm_v2_target_dqn/models/model.ckpt_back_to_the_realm_v2_target_dqn_0/model.ckpt-400.pkl successfully
2025-07-26 01:25:19.530 | INFO | PID:262 | predict_common.standard_load_model_detail:350 - aisrv predict standard_load_model success, policy train_one, path /data/ckpt/back_to_the_realm_v2_target_dqn/models/model.ckpt_back_to_the_realm_v2_target_dqn_0, id 400
2025-07-26 01:25:27.333 | INFO | PID:264 | learner_proxy.sample_server_stat:212 - learner_proxy send reverb server stat, succ_cnt is 101113, error_cnt is 0
2025-07-26 01:25:30.679 | INFO | PID:267 | train_workflow.run_episodes:141 - aisrv Game truncated! step_no:999 score:0.0 win_rate:0.08333333333333333
2025-07-26 01:25:30.764 | INFO | PID:267 | train_workflow.run_episodes:69 - aisrv training_metrics is {'basic': {'train_global_step': 435.0, 'sample_production_and_consumption_ratio': 4.7, 'episode_cnt': 216.0, 'sample_receive_cnt': 189528.0, 'predict_succ_cnt': 196528.0, 'load_model_succ_cnt': 41.0}, 'algorithm': {'reward': 0.01, 'q_value': 0.27, 'value_loss': 0.14, 'policy_loss': 0, 'entropy_loss': 0}, 'env': {'total_score': 0.0, 'treasure_score': 0.0, 'max_steps': 1000.0, 'finished_steps': 1000.0, 'treasure_random': 0.0, 'total_treasures': 0.0, 'collected_treasures': 0.0, 'buff_cnt': 0.12, 'buff_cooldown': 100.0, 'talent_cooldown': 100.0, 'talent_cnt': 0.0, 'buff_random': 1.0, 'obstacle_count': 0.0, 'obstacle_random': 0.0}, 'diy': {'diy_1': 0.19, 'diy_2': -0.03, 'diy_3': 0.0, 'diy_4': 0.0, 'diy_5': 0.68}}
2025-07-26 01:25:30.887 | INFO | PID:267 | env_proxy_lazy.reset:100 - aisrv EnvProxy reset one game success
2025-07-26 01:25:33.192 | INFO | PID:262 | agent.load_model:87 - aisrv load model /data/ckpt/back_to_the_realm_v2_target_dqn/models/model.ckpt_back_to_the_realm_v2_target_dqn_0/model.ckpt-400.pkl successfully
2025-07-26 01:25:33.192 | INFO | PID:262 | predict_common.standard_load_model_detail:350 - aisrv predict standard_load_model success, policy train_one, path /data/ckpt/back_to_the_realm_v2_target_dqn/models/model.ckpt_back_to_the_realm_v2_target_dqn_0, id 400
2025-07-26 01:25:47.098 | INFO | PID:262 | agent.load_model:87 - aisrv load model /data/ckpt/back_to_the_realm_v2_target_dqn/models/model.ckpt_back_to_the_realm_v2_target_dqn_0/model.ckpt-400.pkl successfully
2025-07-26 01:25:47.099 | INFO | PID:262 | predict_common.standard_load_model_detail:350 - aisrv predict standard_load_model success, policy train_one, path /data/ckpt/back_to_the_realm_v2_target_dqn/models/model.ckpt_back_to_the_realm_v2_target_dqn_0, id 400
2025-07-26 01:25:47.319 | INFO | PID:267 | train_workflow.run_episodes:141 - aisrv Game truncated! step_no:999 score:0.0 win_rate:0.08
2025-07-26 01:25:47.405 | INFO | PID:267 | train_workflow.run_episodes:69 - aisrv training_metrics is {'basic': {'train_global_step': 435.0, 'sample_production_and_consumption_ratio': 4.7, 'episode_cnt': 216.0, 'sample_receive_cnt': 189528.0, 'predict_succ_cnt': 196528.0, 'load_model_succ_cnt': 41.0}, 'algorithm': {'reward': -0.01, 'q_value': 0.48, 'value_loss': 0.01, 'policy_loss': 0, 'entropy_loss': 0}, 'env': {'total_score': 0.0, 'treasure_score': 0.0, 'max_steps': 1000.0, 'finished_steps': 1000.0, 'treasure_random': 0.0, 'total_treasures': 0.0, 'collected_treasures': 0.0, 'buff_cnt': 0.12, 'buff_cooldown': 100.0, 'talent_cooldown': 100.0, 'talent_cnt': 0.0, 'buff_random': 1.0, 'obstacle_count': 0.0, 'obstacle_random': 0.0}, 'diy': {'diy_1': 0.19, 'diy_2': -0.03, 'diy_3': 0.0, 'diy_4': 0.0, 'diy_5': 0.67}}
2025-07-26 01:25:47.514 | INFO | PID:267 | env_proxy_lazy.reset:100 - aisrv EnvProxy reset one game success
2025-07-26 01:25:53.565 | INFO | PID:267 | train_workflow.run_episodes:147 - aisrv Game terminated! step_no:373 score:275.2 win_rate:0.11538461538461539
2025-07-26 01:25:53.603 | INFO | PID:267 | train_workflow.run_episodes:69 - aisrv training_metrics is {'basic': {'train_global_step': 435.0, 'sample_production_and_consumption_ratio': 4.7, 'episode_cnt': 216.0, 'sample_receive_cnt': 189528.0, 'predict_succ_cnt': 196528.0, 'load_model_succ_cnt': 41.0}, 'algorithm': {'reward': -0.01, 'q_value': 0.48, 'value_loss': 0.01, 'policy_loss': 0, 'entropy_loss': 0}, 'env': {'total_score': 0.0, 'treasure_score': 0.0, 'max_steps': 1000.0, 'finished_steps': 1000.0, 'treasure_random': 0.0, 'total_treasures': 0.0, 'collected_treasures': 0.0, 'buff_cnt': 0.12, 'buff_cooldown': 100.0, 'talent_cooldown': 100.0, 'talent_cnt': 0.0, 'buff_random': 1.0, 'obstacle_count': 0.0, 'obstacle_random': 0.0}, 'diy': {'diy_1': 0.2, 'diy_2': -0.03, 'diy_3': 0.0, 'diy_4': 0.0, 'diy_5': 0.67}}
2025-07-26 01:25:53.708 | INFO | PID:267 | env_proxy_lazy.reset:100 - aisrv EnvProxy reset one game success
2025-07-26 01:26:01.033 | INFO | PID:262 | agent.load_model:87 - aisrv load model /data/ckpt/back_to_the_realm_v2_target_dqn/models/model.ckpt_back_to_the_realm_v2_target_dqn_0/model.ckpt-400.pkl successfully
2025-07-26 01:26:01.035 | INFO | PID:262 | predict_common.standard_load_model_detail:350 - aisrv predict standard_load_model success, policy train_one, path /data/ckpt/back_to_the_realm_v2_target_dqn/models/model.ckpt_back_to_the_realm_v2_target_dqn_0, id 400
2025-07-26 01:26:10.244 | INFO | PID:267 | train_workflow.run_episodes:141 - aisrv Game truncated! step_no:999 score:0.0 win_rate:0.1111111111111111
2025-07-26 01:26:10.339 | INFO | PID:267 | train_workflow.run_episodes:69 - aisrv training_metrics is {'basic': {'train_global_step': 512.0, 'sample_production_and_consumption_ratio': 4.7, 'episode_cnt': 229.0, 'sample_receive_cnt': 223036.0, 'predict_succ_cnt': 196528.0, 'load_model_succ_cnt': 41.0}, 'algorithm': {'reward': -0.01, 'q_value': 0.48, 'value_loss': 0.01, 'policy_loss': 0, 'entropy_loss': 0}, 'env': {'total_score': 32.75, 'treasure_score': 0.0, 'max_steps': 1000.0, 'finished_steps': 929.62, 'treasure_random': 0.0, 'total_treasures': 0.0, 'collected_treasures': 0.0, 'buff_cnt': 0.12, 'buff_cooldown': 100.0, 'talent_cooldown': 100.0, 'talent_cnt': 0.0, 'buff_random': 1.0, 'obstacle_count': 0.0, 'obstacle_random': 0.0}, 'diy': {'diy_1': 0.2, 'diy_2': -0.02, 'diy_3': 0.62, 'diy_4': 0.0, 'diy_5': 0.47}}
2025-07-26 01:26:10.459 | INFO | PID:267 | env_proxy_lazy.reset:100 - aisrv EnvProxy reset one game success
2025-07-26 01:26:13.597 | INFO | PID:262 | actor_proxy_local.predict_stat:482 - aisrv predict now predict count is 115633
2025-07-26 01:26:15.120 | INFO | PID:262 | agent.load_model:87 - aisrv load model /data/ckpt/back_to_the_realm_v2_target_dqn/models/model.ckpt_back_to_the_realm_v2_target_dqn_0/model.ckpt-400.pkl successfully
2025-07-26 01:26:15.120 | INFO | PID:262 | predict_common.standard_load_model_detail:350 - aisrv predict standard_load_model success, policy train_one, path /data/ckpt/back_to_the_realm_v2_target_dqn/models/model.ckpt_back_to_the_realm_v2_target_dqn_0, id 400
2025-07-26 01:26:27.171 | INFO | PID:267 | train_workflow.run_episodes:141 - aisrv Game truncated! step_no:999 score:0.0 win_rate:0.10714285714285714
2025-07-26 01:26:27.267 | INFO | PID:267 | train_workflow.run_episodes:69 - aisrv training_metrics is {'basic': {'train_global_step': 512.0, 'sample_production_and_consumption_ratio': 4.7, 'episode_cnt': 246.0, 'sample_receive_cnt': 223036.0, 'predict_succ_cnt': 229297.0, 'load_model_succ_cnt': 51.0}, 'algorithm': {'reward': -0.01, 'q_value': 0.48, 'value_loss': 0.01, 'policy_loss': 0, 'entropy_loss': 0}, 'env': {'total_score': 32.75, 'treasure_score': 0.0, 'max_steps': 1000.0, 'finished_steps': 929.62, 'treasure_random': 0.0, 'total_treasures': 0.0, 'collected_treasures': 0.0, 'buff_cnt': 0.12, 'buff_cooldown': 100.0, 'talent_cooldown': 100.0, 'talent_cnt': 0.0, 'buff_random': 1.0, 'obstacle_count': 0.0, 'obstacle_random': 0.0}, 'diy': {'diy_1': 0.2, 'diy_2': -0.01, 'diy_3': 1.24, 'diy_4': 0.0, 'diy_5': 0.38}}
2025-07-26 01:26:27.382 | INFO | PID:264 | learner_proxy.sample_server_stat:212 - learner_proxy send reverb server stat, succ_cnt is 117965, error_cnt is 0
2025-07-26 01:26:27.389 | INFO | PID:267 | env_proxy_lazy.reset:100 - aisrv EnvProxy reset one game success
2025-07-26 01:26:29.434 | INFO | PID:262 | agent.load_model:87 - aisrv load model /data/ckpt/back_to_the_realm_v2_target_dqn/models/model.ckpt_back_to_the_realm_v2_target_dqn_0/model.ckpt-400.pkl successfully
2025-07-26 01:26:29.435 | INFO | PID:262 | predict_common.standard_load_model_detail:350 - aisrv predict standard_load_model success, policy train_one, path /data/ckpt/back_to_the_realm_v2_target_dqn/models/model.ckpt_back_to_the_realm_v2_target_dqn_0, id 400
2025-07-26 01:26:31.205 | INFO | PID:267 | train_workflow.run_episodes:147 - aisrv Game terminated! step_no:236 score:302.6 win_rate:0.13793103448275862
2025-07-26 01:26:31.232 | INFO | PID:267 | train_workflow.run_episodes:69 - aisrv training_metrics is {'basic': {'train_global_step': 512.0, 'sample_production_and_consumption_ratio': 4.7, 'episode_cnt': 246.0, 'sample_receive_cnt': 223036.0, 'predict_succ_cnt': 229297.0, 'load_model_succ_cnt': 51.0}, 'algorithm': {'reward': -0.01, 'q_value': 0.48, 'value_loss': 0.01, 'policy_loss': 0, 'entropy_loss': 0}, 'env': {'total_score': 32.75, 'treasure_score': 0.0, 'max_steps': 1000.0, 'finished_steps': 929.62, 'treasure_random': 0.0, 'total_treasures': 0.0, 'collected_treasures': 0.0, 'buff_cnt': 0.12, 'buff_cooldown': 100.0, 'talent_cooldown': 100.0, 'talent_cnt': 0.0, 'buff_random': 1.0, 'obstacle_count': 0.0, 'obstacle_random': 0.0}, 'diy': {'diy_1': 0.21, 'diy_2': 0.0, 'diy_3': 1.24, 'diy_4': 0.0, 'diy_5': 0.34}}
2025-07-26 01:26:31.350 | INFO | PID:267 | env_proxy_lazy.reset:100 - aisrv EnvProxy reset one game success
2025-07-26 01:26:43.242 | INFO | PID:262 | agent.load_model:87 - aisrv load model /data/ckpt/back_to_the_realm_v2_target_dqn/models/model.ckpt_back_to_the_realm_v2_target_dqn_0/model.ckpt-400.pkl successfully
2025-07-26 01:26:43.244 | INFO | PID:262 | predict_common.standard_load_model_detail:350 - aisrv predict standard_load_model success, policy train_one, path /data/ckpt/back_to_the_realm_v2_target_dqn/models/model.ckpt_back_to_the_realm_v2_target_dqn_0, id 400
2025-07-26 01:26:47.743 | INFO | PID:267 | train_workflow.run_episodes:141 - aisrv Game truncated! step_no:999 score:0.0 win_rate:0.13333333333333333
2025-07-26 01:26:47.833 | INFO | PID:267 | train_workflow.run_episodes:69 - aisrv training_metrics is {'basic': {'train_global_step': 512.0, 'sample_production_and_consumption_ratio': 4.7, 'episode_cnt': 262.0, 'sample_receive_cnt': 223036.0, 'predict_succ_cnt': 229297.0, 'load_model_succ_cnt': 51.0}, 'algorithm': {'reward': 0.01, 'q_value': 0.47, 'value_loss': 0.02, 'policy_loss': 0, 'entropy_loss': 0}, 'env': {'total_score': 53.62, 'treasure_score': 0.0, 'max_steps': 1000.0, 'finished_steps': 918.5, 'treasure_random': 0.0, 'total_treasures': 0.0, 'collected_treasures': 0.0, 'buff_cnt': 0.0, 'buff_cooldown': 100.0, 'talent_cooldown': 100.0, 'talent_cnt': 0.0, 'buff_random': 1.0, 'obstacle_count': 0.0, 'obstacle_random': 0.0}, 'diy': {'diy_1': 0.21, 'diy_2': 0.0, 'diy_3': 1.24, 'diy_4': 0.0, 'diy_5': 0.34}}
2025-07-26 01:26:47.949 | INFO | PID:267 | env_proxy_lazy.reset:100 - aisrv EnvProxy reset one game success
2025-07-26 01:26:56.869 | INFO | PID:262 | agent.load_model:87 - aisrv load model /data/ckpt/back_to_the_realm_v2_target_dqn/models/model.ckpt_back_to_the_realm_v2_target_dqn_0/model.ckpt-400.pkl successfully
2025-07-26 01:26:56.870 | INFO | PID:262 | predict_common.standard_load_model_detail:350 - aisrv predict standard_load_model success, policy train_one, path /data/ckpt/back_to_the_realm_v2_target_dqn/models/model.ckpt_back_to_the_realm_v2_target_dqn_0, id 400
2025-07-26 01:27:01.574 | INFO | PID:262 | agent.load_model:87 - aisrv load model /data/ckpt/back_to_the_realm_v2_target_dqn/models/model.ckpt_back_to_the_realm_v2_target_dqn_0/model.ckpt-400.pkl successfully
2025-07-26 01:27:01.575 | INFO | PID:262 | predict_common.standard_load_model_detail:350 - aisrv predict standard_load_model success, policy train_one, path /data/ckpt/back_to_the_realm_v2_target_dqn/models/model.ckpt_back_to_the_realm_v2_target_dqn_0, id 400
2025-07-26 01:27:03.972 | INFO | PID:267 | train_workflow.run_episodes:141 - aisrv Game truncated! step_no:999 score:0.0 win_rate:0.12903225806451613
2025-07-26 01:27:04.055 | INFO | PID:267 | train_workflow.run_episodes:69 - aisrv training_metrics is {'basic': {'train_global_step': 512.0, 'sample_production_and_consumption_ratio': 4.7, 'episode_cnt': 262.0, 'sample_receive_cnt': 223036.0, 'predict_succ_cnt': 229297.0, 'load_model_succ_cnt': 51.0}, 'algorithm': {'reward': 0.01, 'q_value': 0.47, 'value_loss': 0.02, 'policy_loss': 0, 'entropy_loss': 0}, 'env': {'total_score': 53.62, 'treasure_score': 0.0, 'max_steps': 1000.0, 'finished_steps': 918.5, 'treasure_random': 0.0, 'total_treasures': 0.0, 'collected_treasures': 0.0, 'buff_cnt': 0.0, 'buff_cooldown': 100.0, 'talent_cooldown': 100.0, 'talent_cnt': 0.0, 'buff_random': 1.0, 'obstacle_count': 0.0, 'obstacle_random': 0.0}, 'diy': {'diy_1': 0.2, 'diy_2': 0.0, 'diy_3': 1.24, 'diy_4': 0.0, 'diy_5': 0.44}}
2025-07-26 01:27:04.170 | INFO | PID:267 | env_proxy_lazy.reset:100 - aisrv EnvProxy reset one game success
2025-07-26 01:27:13.423 | INFO | PID:261 | model_file_sync.pull_checkpoint_from_model_pool:902 - model_file_sync pull kaiwu_checkpoint_back_to_the_realm_v2_target_dqn_500.tar.gz from modelpool to /data/ckpt/back_to_the_realm_v2_target_dqn/models/model.ckpt_back_to_the_realm_v2_target_dqn_0 success                                 total pull from modelpool succ cnt is 4                                 total pull from modelpool err cnt is 0
2025-07-26 01:27:13.599 | INFO | PID:262 | actor_proxy_local.predict_stat:482 - aisrv predict now predict count is 132268
2025-07-26 01:27:15.165 | INFO | PID:262 | agent.load_model:87 - aisrv load model /data/ckpt/back_to_the_realm_v2_target_dqn/models/model.ckpt_back_to_the_realm_v2_target_dqn_0/model.ckpt-500.pkl successfully
2025-07-26 01:27:15.166 | INFO | PID:262 | predict_common.standard_load_model_detail:350 - aisrv predict standard_load_model success, policy train_one, path /data/ckpt/back_to_the_realm_v2_target_dqn/models/model.ckpt_back_to_the_realm_v2_target_dqn_0, id 500
2025-07-26 01:27:20.241 | INFO | PID:267 | train_workflow.run_episodes:141 - aisrv Game truncated! step_no:999 score:0.0 win_rate:0.125
2025-07-26 01:27:20.327 | INFO | PID:267 | train_workflow.run_episodes:69 - aisrv training_metrics is {'basic': {'train_global_step': 590.0, 'sample_production_and_consumption_ratio': 4.7, 'episode_cnt': 267.0, 'sample_receive_cnt': 257119.0, 'predict_succ_cnt': 262540.0, 'load_model_succ_cnt': 62.0}, 'algorithm': {'reward': 0.01, 'q_value': 0.47, 'value_loss': 0.02, 'policy_loss': 0, 'entropy_loss': 0}, 'env': {'total_score': 53.62, 'treasure_score': 0.0, 'max_steps': 1000.0, 'finished_steps': 918.5, 'treasure_random': 0.0, 'total_treasures': 0.0, 'collected_treasures': 0.0, 'buff_cnt': 0.0, 'buff_cooldown': 100.0, 'talent_cooldown': 100.0, 'talent_cnt': 0.0, 'buff_random': 1.0, 'obstacle_count': 0.0, 'obstacle_random': 0.0}, 'diy': {'diy_1': 0.2, 'diy_2': 0.0, 'diy_3': 0.62, 'diy_4': 0.0, 'diy_5': 0.53}}
2025-07-26 01:27:20.447 | INFO | PID:267 | env_proxy_lazy.reset:100 - aisrv EnvProxy reset one game success
2025-07-26 01:27:27.480 | INFO | PID:264 | learner_proxy.sample_server_stat:212 - learner_proxy send reverb server stat, succ_cnt is 134277, error_cnt is 0
2025-07-26 01:27:28.903 | INFO | PID:262 | agent.load_model:87 - aisrv load model /data/ckpt/back_to_the_realm_v2_target_dqn/models/model.ckpt_back_to_the_realm_v2_target_dqn_0/model.ckpt-500.pkl successfully
2025-07-26 01:27:28.904 | INFO | PID:262 | predict_common.standard_load_model_detail:350 - aisrv predict standard_load_model success, policy train_one, path /data/ckpt/back_to_the_realm_v2_target_dqn/models/model.ckpt_back_to_the_realm_v2_target_dqn_0, id 500
2025-07-26 01:27:36.677 | INFO | PID:267 | train_workflow.run_episodes:141 - aisrv Game truncated! step_no:999 score:0.0 win_rate:0.12121212121212122
2025-07-26 01:27:36.784 | INFO | PID:267 | train_workflow.run_episodes:69 - aisrv training_metrics is {'basic': {'train_global_step': 590.0, 'sample_production_and_consumption_ratio': 4.7, 'episode_cnt': 290.0, 'sample_receive_cnt': 257119.0, 'predict_succ_cnt': 262540.0, 'load_model_succ_cnt': 62.0}, 'algorithm': {'reward': -0.0, 'q_value': 0.64, 'value_loss': 0.18, 'policy_loss': 0, 'entropy_loss': 0}, 'env': {'total_score': 20.88, 'treasure_score': 0.0, 'max_steps': 1000.0, 'finished_steps': 988.88, 'treasure_random': 0.0, 'total_treasures': 0.0, 'collected_treasures': 0.0, 'buff_cnt': 0.25, 'buff_cooldown': 100.0, 'talent_cooldown': 100.0, 'talent_cnt': 0.0, 'buff_random': 1.0, 'obstacle_count': 0.0, 'obstacle_random': 0.0}, 'diy': {'diy_1': 0.22, 'diy_2': -0.01, 'diy_3': 0.0, 'diy_4': 0.0, 'diy_5': 0.68}}
2025-07-26 01:27:36.903 | INFO | PID:267 | env_proxy_lazy.reset:100 - aisrv EnvProxy reset one game success
2025-07-26 01:27:37.918 | INFO | PID:262 | agent.load_model:87 - aisrv load model /data/ckpt/back_to_the_realm_v2_target_dqn/models/model.ckpt_back_to_the_realm_v2_target_dqn_0/model.ckpt-500.pkl successfully
2025-07-26 01:27:37.918 | INFO | PID:262 | predict_common.standard_load_model_detail:350 - aisrv predict standard_load_model success, policy train_one, path /data/ckpt/back_to_the_realm_v2_target_dqn/models/model.ckpt_back_to_the_realm_v2_target_dqn_0, id 500
2025-07-26 01:27:44.690 | INFO | PID:267 | train_workflow.run_episodes:147 - aisrv Game terminated! step_no:477 score:254.4 win_rate:0.14705882352941177
2025-07-26 01:27:44.744 | INFO | PID:267 | train_workflow.run_episodes:69 - aisrv training_metrics is {'basic': {'train_global_step': 590.0, 'sample_production_and_consumption_ratio': 4.7, 'episode_cnt': 297.0, 'sample_receive_cnt': 257119.0, 'predict_succ_cnt': 262540.0, 'load_model_succ_cnt': 62.0}, 'algorithm': {'reward': -0.0, 'q_value': 0.64, 'value_loss': 0.18, 'policy_loss': 0, 'entropy_loss': 0}, 'env': {'total_score': 20.88, 'treasure_score': 0.0, 'max_steps': 1000.0, 'finished_steps': 988.88, 'treasure_random': 0.0, 'total_treasures': 0.0, 'collected_treasures': 0.0, 'buff_cnt': 0.25, 'buff_cooldown': 100.0, 'talent_cooldown': 100.0, 'talent_cnt': 0.0, 'buff_random': 1.0, 'obstacle_count': 0.0, 'obstacle_random': 0.0}, 'diy': {'diy_1': 0.22, 'diy_2': -0.01, 'diy_3': 0.0, 'diy_4': 0.0, 'diy_5': 0.61}}
2025-07-26 01:27:44.866 | INFO | PID:267 | env_proxy_lazy.reset:100 - aisrv EnvProxy reset one game success
2025-07-26 01:27:51.754 | INFO | PID:262 | agent.load_model:87 - aisrv load model /data/ckpt/back_to_the_realm_v2_target_dqn/models/model.ckpt_back_to_the_realm_v2_target_dqn_0/model.ckpt-500.pkl successfully
2025-07-26 01:27:51.755 | INFO | PID:262 | predict_common.standard_load_model_detail:350 - aisrv predict standard_load_model success, policy train_one, path /data/ckpt/back_to_the_realm_v2_target_dqn/models/model.ckpt_back_to_the_realm_v2_target_dqn_0, id 500
2025-07-26 01:27:55.344 | INFO | PID:267 | train_workflow.run_episodes:147 - aisrv Game terminated! step_no:650 score:219.8 win_rate:0.17142857142857143
2025-07-26 01:27:55.417 | INFO | PID:267 | train_workflow.run_episodes:69 - aisrv training_metrics is {'basic': {'train_global_step': 590.0, 'sample_production_and_consumption_ratio': 4.7, 'episode_cnt': 302.0, 'sample_receive_cnt': 257119.0, 'predict_succ_cnt': 262540.0, 'load_model_succ_cnt': 62.0}, 'algorithm': {'reward': -0.0, 'q_value': 0.64, 'value_loss': 0.18, 'policy_loss': 0, 'entropy_loss': 0}, 'env': {'total_score': 20.88, 'treasure_score': 0.0, 'max_steps': 1000.0, 'finished_steps': 988.88, 'treasure_random': 0.0, 'total_treasures': 0.0, 'collected_treasures': 0.0, 'buff_cnt': 0.25, 'buff_cooldown': 100.0, 'talent_cooldown': 100.0, 'talent_cnt': 0.0, 'buff_random': 1.0, 'obstacle_count': 0.0, 'obstacle_random': 0.0}, 'diy': {'diy_1': 0.22, 'diy_2': -0.01, 'diy_3': 0.0, 'diy_4': 0.0, 'diy_5': 0.61}}
2025-07-26 01:27:55.520 | INFO | PID:267 | env_proxy_lazy.reset:100 - aisrv EnvProxy reset one game success
2025-07-26 01:27:59.781 | INFO | PID:262 | agent.load_model:87 - aisrv load model /data/ckpt/back_to_the_realm_v2_target_dqn/models/model.ckpt_back_to_the_realm_v2_target_dqn_0/model.ckpt-500.pkl successfully
2025-07-26 01:27:59.781 | INFO | PID:262 | predict_common.standard_load_model_detail:350 - aisrv predict standard_load_model success, policy train_one, path /data/ckpt/back_to_the_realm_v2_target_dqn/models/model.ckpt_back_to_the_realm_v2_target_dqn_0, id 500
2025-07-26 01:28:11.502 | INFO | PID:267 | train_workflow.run_episodes:141 - aisrv Game truncated! step_no:999 score:0.0 win_rate:0.16666666666666666
2025-07-26 01:28:11.592 | INFO | PID:267 | train_workflow.run_episodes:69 - aisrv training_metrics is {'basic': {'train_global_step': 669.0, 'sample_production_and_consumption_ratio': 4.72, 'episode_cnt': 309.0, 'sample_receive_cnt': 290565.0, 'predict_succ_cnt': 262540.0, 'load_model_succ_cnt': 62.0}, 'algorithm': {'reward': -0.0, 'q_value': 0.64, 'value_loss': 0.18, 'policy_loss': 0, 'entropy_loss': 0}, 'env': {'total_score': 0.0, 'treasure_score': 0.0, 'max_steps': 1000.0, 'finished_steps': 1000.0, 'treasure_random': 0.0, 'total_treasures': 0.0, 'collected_treasures': 0.0, 'buff_cnt': 0.25, 'buff_cooldown': 100.0, 'talent_cooldown': 100.0, 'talent_cnt': 0.0, 'buff_random': 1.0, 'obstacle_count': 0.0, 'obstacle_random': 0.0}, 'diy': {'diy_1': 0.22, 'diy_2': -0.01, 'diy_3': 0.62, 'diy_4': 0.0, 'diy_5': 0.41}}
2025-07-26 01:28:11.752 | INFO | PID:267 | env_proxy_lazy.reset:100 - aisrv EnvProxy reset one game success
2025-07-26 01:28:13.426 | INFO | PID:262 | agent.load_model:87 - aisrv load model /data/ckpt/back_to_the_realm_v2_target_dqn/models/model.ckpt_back_to_the_realm_v2_target_dqn_0/model.ckpt-500.pkl successfully
2025-07-26 01:28:13.426 | INFO | PID:262 | predict_common.standard_load_model_detail:350 - aisrv predict standard_load_model success, policy train_one, path /data/ckpt/back_to_the_realm_v2_target_dqn/models/model.ckpt_back_to_the_realm_v2_target_dqn_0, id 500
2025-07-26 01:28:13.600 | INFO | PID:262 | actor_proxy_local.predict_stat:482 - aisrv predict now predict count is 149017
2025-07-26 01:28:15.241 | INFO | PID:262 | agent.load_model:87 - aisrv load model /data/ckpt/back_to_the_realm_v2_target_dqn/models/model.ckpt_back_to_the_realm_v2_target_dqn_0/model.ckpt-500.pkl successfully
2025-07-26 01:28:15.242 | INFO | PID:262 | predict_common.standard_load_model_detail:350 - aisrv predict standard_load_model success, policy train_one, path /data/ckpt/back_to_the_realm_v2_target_dqn/models/model.ckpt_back_to_the_realm_v2_target_dqn_0, id 500
2025-07-26 01:28:23.309 | INFO | PID:262 | agent.load_model:87 - aisrv load model /data/ckpt/back_to_the_realm_v2_target_dqn/models/model.ckpt_back_to_the_realm_v2_target_dqn_0/model.ckpt-500.pkl successfully
2025-07-26 01:28:23.309 | INFO | PID:262 | predict_common.standard_load_model_detail:350 - aisrv predict standard_load_model success, policy train_one, path /data/ckpt/back_to_the_realm_v2_target_dqn/models/model.ckpt_back_to_the_realm_v2_target_dqn_0, id 500
2025-07-26 01:28:27.940 | INFO | PID:264 | learner_proxy.sample_server_stat:212 - learner_proxy send reverb server stat, succ_cnt is 151346, error_cnt is 0
2025-07-26 01:28:28.085 | INFO | PID:267 | train_workflow.run_episodes:141 - aisrv Game truncated! step_no:999 score:0.0 win_rate:0.16216216216216217
2025-07-26 01:28:28.176 | INFO | PID:267 | train_workflow.run_episodes:69 - aisrv training_metrics is {'basic': {'train_global_step': 669.0, 'sample_production_and_consumption_ratio': 4.72, 'episode_cnt': 333.0, 'sample_receive_cnt': 290565.0, 'predict_succ_cnt': 295602.0, 'load_model_succ_cnt': 72.0}, 'algorithm': {'reward': -0.0, 'q_value': 0.64, 'value_loss': 0.18, 'policy_loss': 0, 'entropy_loss': 0}, 'env': {'total_score': 73.62, 'treasure_score': 0.0, 'max_steps': 1000.0, 'finished_steps': 818.88, 'treasure_random': 0.0, 'total_treasures': 0.0, 'collected_treasures': 0.0, 'buff_cnt': 0.0, 'buff_cooldown': 100.0, 'talent_cooldown': 100.0, 'talent_cnt': 0.0, 'buff_random': 1.0, 'obstacle_count': 0.0, 'obstacle_random': 0.0}, 'diy': {'diy_1': 0.23, 'diy_2': -0.01, 'diy_3': 1.49, 'diy_4': 0.0, 'diy_5': 0.36}}
2025-07-26 01:28:28.311 | INFO | PID:267 | env_proxy_lazy.reset:100 - aisrv EnvProxy reset one game success
2025-07-26 01:28:28.981 | INFO | PID:262 | agent.load_model:87 - aisrv load model /data/ckpt/back_to_the_realm_v2_target_dqn/models/model.ckpt_back_to_the_realm_v2_target_dqn_0/model.ckpt-500.pkl successfully
2025-07-26 01:28:28.982 | INFO | PID:262 | predict_common.standard_load_model_detail:350 - aisrv predict standard_load_model success, policy train_one, path /data/ckpt/back_to_the_realm_v2_tar2025-07-26 01:28:31.093 | INFO | PID:264 | learner_proxy.sample_serv2025-07-26 01:28:31.506 | INFO | PID:267 | train_workflow.run_episodes:147 - aisrv Game 2025-07-26 01:28:34.137 | INFO | PID:263 | agent.load_model:87 - aisrv load model /data/ckpt/back_to_the_realm_v2_target_dqn/models/model.ckpt_back_to_the_realm_v2_target_dqn_0/model.ckpt-500.pkl successfully
2025-07-26 01:28:34.138 | INFO | PID:263 | predict_common.standard_load_model_detail:350 - aisrv predict standard_load_model success, policy train_one, path /data/ckpt/back_to_the_realm_v2_target_dqn/models/model.ckpt_back_to_the_realm_v2_target_dqn_0, id 500
2025-07-26 01:28:37.527 | INFO | PID:267 | train_workflow.run_episodes:141 - aisrv Game truncated! step_no:999 score:0.0 win_rate:0.17073170731707318
2025-07-26 01:28:37.633 | INFO | PID:267 | train_workflow.run_episodes:69 - aisrv training_metrics is {'basic': {'train_global_step': 669.0, 'sample_production_and_consumption_ratio': 4.72, 'episode_cnt': 344.0, 'sample_receive_cnt': 290565.0, 'predict_succ_cnt': 295602.0, 'load_model_succ_cnt': 72.0}, 'algorithm': {'reward': 0.01, 'q_value': 0.65, 'value_loss': 0.02, 'policy_loss': 0, 'entropy_loss': 0}, 'env': {'total_score': 109.62, 'treasure_score': 0.0, 'max_steps': 1000.0, 'finished_steps': 732.25, 'treasure_random': 0.0, 'total_treasures': 0.0, 'collected_treasures': 0.0, 'buff_cnt': 0.0, 'buff_cooldown': 100.0, 'talent_cooldown': 100.0, 'talent_cnt': 0.0, 'buff_random': 1.0, 'obstacle_count': 0.0, 'obstacle_random': 0.0}, 'diy': {'diy_1': 0.23, 'diy_2': 0.0, 'diy_3': 1.49, 'diy_4': 0.0, 'diy_5': 0.41}}
2025-07-26 01:28:37.775 | INFO | PID:267 | env_proxy_lazy.reset:100 - aisrv EnvProxy reset one game success
2025-07-26 01:28:50.146 | INFO | PID:263 | agent.load_model:87 - aisrv load model /data/ckpt/back_to_the_realm_v2_target_dqn/models/model.ckpt_back_to_the_realm_v2_target_dqn_0/model.ckpt-500.pkl successfully
2025-07-26 01:28:50.147 | INFO | PID:263 | predict_common.standard_load_model_detail:350 - aisrv predict standard_load_model success, policy train_one, path /data/ckpt/back_to_the_realm_v2_target_dqn/models/model.ckpt_back_to_the_realm_v2_target_dqn_0, id 500
2025-07-26 01:28:52.728 | INFO | PID:263 | agent.load_model:87 - aisrv load model /data/ckpt/back_to_the_realm_v2_target_dqn/models/model.ckpt_back_to_the_realm_v2_target_dqn_0/model.ckpt-500.pkl successfully
2025-07-26 01:28:52.729 | INFO | PID:263 | predict_common.standard_load_model_detail:350 - aisrv predict standard_load_model success, policy train_one, path /data/ckpt/back_to_the_realm_v2_target_dqn/models/model.ckpt_back_to_the_realm_v2_target_dqn_0, id 500
2025-07-26 01:28:53.538 | INFO | PID:267 | train_workflow.run_episodes:141 - aisrv Game truncated! step_no:999 score:0.0 win_rate:0.16666666666666666
2025-07-26 01:28:53.615 | INFO | PID:267 | train_workflow.run_episodes:69 - aisrv training_metrics is {'basic': {'train_global_step': 669.0, 'sample_production_and_consumption_ratio': 4.72, 'episode_cnt': 344.0, 'sample_receive_cnt': 290565.0, 'predict_succ_cnt': 295602.0, 'load_model_succ_cnt': 72.0}, 'algorithm': {'reward': 0.01, 'q_value': 0.65, 'value_loss': 0.02, 'policy_loss': 0, 'entropy_loss': 0}, 'env': {'total_score': 109.62, 'treasure_score': 0.0, 'max_steps': 1000.0, 'finished_steps': 732.25, 'treasure_random': 0.0, 'total_treasures': 0.0, 'collected_treasures': 0.0, 'buff_cnt': 0.0, 'buff_cooldown': 100.0, 'talent_cooldown': 100.0, 'talent_cnt': 0.0, 'buff_random': 1.0, 'obstacle_count': 0.0, 'obstacle_random': 0.0}, 'diy': {'diy_1': 0.24, 'diy_2': 0.0, 'diy_3': 1.49, 'diy_4': 0.0, 'diy_5': 0.46}}
2025-07-26 01:28:53.722 | INFO | PID:267 | env_proxy_lazy.reset:100 - aisrv EnvProxy reset one game success
2025-07-26 01:29:08.564 | INFO | PID:263 | agent.load_model:87 - aisrv load model /data/ckpt/back_to_the_realm_v2_target_dqn/models/model.ckpt_back_to_the_realm_v2_target_dqn_0/model.ckpt-500.pkl successfully
2025-07-26 01:29:08.565 | INFO | PID:263 | predict_common.standard_load_model_detail:350 - aisrv predict standard_load_model success, policy train_one, path /data/ckpt/back_to_the_realm_v2_target_dqn/models/model.ckpt_back_to_the_realm_v2_target_dqn_0, id 500
2025-07-26 01:29:09.354 | INFO | PID:267 | train_workflow.run_episodes:141 - aisrv Game truncated! step_no:999 score:0.0 win_rate:0.16279069767441862
2025-07-26 01:29:09.441 | INFO | PID:267 | train_workflow.run_episodes:69 - aisrv training_metrics is {'basic': {'train_global_step': 669.0, 'sample_production_and_consumption_ratio': 4.72, 'episode_cnt': 349.0, 'sample_receive_cnt': 290565.0, 'predict_succ_cnt': 295602.0, 'load_model_succ_cnt': 72.0}, 'algorithm': {'reward': 0.01, 'q_value': 0.65, 'value_loss': 0.02, 'policy_loss': 0, 'entropy_loss': 0}, 'env': {'total_score': 109.62, 'treasure_score': 0.0, 'max_steps': 1000.0, 'finished_steps': 732.25, 'treasure_random': 0.0, 'total_treasures': 0.0, 'collected_treasures': 0.0, 'buff_cnt': 0.12, 'buff_cooldown': 100.0, 'talent_cooldown': 100.0, 'talent_cnt': 0.0, 'buff_random': 1.0, 'obstacle_count': 0.0, 'obstacle_random': 0.0}, 'diy': {'diy_1': 0.24, 'diy_2': 0.0, 'diy_3': 1.49, 'diy_4': 0.0, 'diy_5': 0.46}}
2025-07-26 01:29:09.541 | INFO | PID:267 | env_proxy_lazy.reset:100 - aisrv EnvProxy reset one game success
2025-07-26 01:29:12.014 | INFO | PID:262 | model_file_sync.pull_checkpoint_from_model_pool:902 - model_file_sync pull kaiwu_checkpoint_back_to_the_realm_v2_target_dqn_700.tar.gz from modelpool to /data/ckpt/back_to_the_realm_v2_target_dqn/models/model.ckpt_back_to_the_realm_v2_target_dqn_0 success                                 total pull from modelpool succ cnt is 5                                 total pull from modelpool err cnt is 0
2025-07-26 01:29:12.077 | INFO | PID:263 | actor_proxy_local.predict_stat:482 - aisrv predict now predict count is 162843
2025-07-26 01:29:14.388 | INFO | PID:263 | agent.load_model:87 - aisrv load model /data/ckpt/back_to_the_realm_v2_target_dqn/models/model.ckpt_back_to_the_realm_v2_target_dqn_0/model.ckpt-700.pkl successfully
2025-07-26 01:29:14.389 | INFO | PID:263 | predict_common.standard_load_model_detail:350 - aisrv predict standard_load_model success, policy train_one, path /data/ckpt/back_to_the_realm_v2_target_dqn/models/model.ckpt_back_to_the_realm_v2_target_dqn_0, id 700
2025-07-26 01:29:16.253 | INFO | PID:263 | agent.load_model:87 - aisrv load model /data/ckpt/back_to_the_realm_v2_target_dqn/models/model.ckpt_back_to_the_realm_v2_target_dqn_0/model.ckpt-700.pkl successfully
2025-07-26 01:29:16.254 | INFO | PID:263 | predict_common.standard_load_model_detail:350 - aisrv predict standard_load_model success, policy train_one, path /data/ckpt/back_to_the_realm_v2_target_dqn/models/model.ckpt_back_to_the_realm_v2_target_dqn_0, id 700
2025-07-26 01:29:25.318 | INFO | PID:267 | train_workflow.run_episodes:141 - aisrv Game truncated! step_no:999 score:0.0 win_rate:0.1590909090909091
2025-07-26 01:29:25.402 | INFO | PID:267 | train_workflow.run_episodes:69 - aisrv training_metrics is {'basic': {'train_global_step': 748.0, 'sample_production_and_consumption_ratio': 4.73, 'episode_cnt': 360.0, 'sample_receive_cnt': 324080.0, 'predict_succ_cnt': 328541.0, 'load_model_succ_cnt': 84.0}, 'algorithm': {'reward': 0.01, 'q_value': 0.65, 'value_loss': 0.02, 'policy_loss': 0, 'entropy_loss': 0}, 'env': {'total_score': 109.62, 'treasure_score': 0.0, 'max_steps': 1000.0, 'finished_steps': 732.25, 'treasure_random': 0.0, 'total_treasures': 0.0, 'collected_treasures': 0.0, 'buff_cnt': 0.12, 'buff_cooldown': 100.0, 'talent_cooldown': 100.0, 'talent_cnt': 0.0, 'buff_random': 1.0, 'obstacle_count': 0.0, 'obstacle_random': 0.0}, 'diy': {'diy_1': 0.24, 'diy_2': 0.0, 'diy_3': 0.44, 'diy_4': 0.0, 'diy_5': 0.56}}
2025-07-26 01:29:25.523 | INFO | PID:267 | env_proxy_lazy.reset:100 - aisrv EnvProxy reset one game success
2025-07-26 01:29:32.193 | INFO | PID:263 | agent.load_model:87 - aisrv load model /data/ckpt/back_to_the_realm_v2_target_dqn/models/model.ckpt_back_to_the_realm_v2_target_dqn_0/model.ckpt-700.pkl successfully
2025-07-26 01:29:32.193 | INFO | PID:263 | predict_common.standard_load_model_detail:350 - aisrv predict standard_load_model success, policy train_one, path /data/ckpt/back_to_the_realm_v2_target_dqn/models/model.ckpt_back_to_the_realm_v2_target_dqn_0, id 700
2025-07-26 01:29:32.223 | INFO | PID:264 | learner_proxy.sample_server_stat:212 - learner_proxy send reverb server stat, succ_cnt is 166962, error_cnt is 0
2025-07-26 01:29:37.345 | INFO | PID:263 | agent.load_model:87 - aisrv load model /data/ckpt/back_to_the_realm_v2_target_dqn/models/model.ckpt_back_to_the_realm_v2_target_dqn_0/model.ckpt-700.pkl successfully
2025-07-26 01:29:37.346 | INFO | PID:263 | predict_common.standard_load_model_detail:350 - aisrv predict standard_load_model success, policy train_one, path /data/ckpt/back_to_the_realm_v2_target_dqn/models/model.ckpt_back_to_the_realm_v2_target_dqn_0, id 700
2025-07-26 01:29:41.052 | INFO | PID:267 | train_workflow.run_episodes:141 - aisrv Game truncated! step_no:999 score:0.0 win_rate:0.15555555555555556
2025-07-26 01:29:41.134 | INFO | PID:267 | train_workflow.run_episodes:69 - aisrv training_metrics is {'basic': {'train_global_step': 748.0, 'sample_production_and_consumption_ratio': 4.73, 'episode_cnt': 367.0, 'sample_receive_cnt': 324080.0, 'predict_succ_cnt': 328541.0, 'load_model_succ_cnt': 84.0}, 'algorithm': {'reward': 0.01, 'q_value': 0.65, 'value_loss': 0.44, 'policy_loss': 0, 'entropy_loss': 0}, 'env': {'total_score': 109.62, 'treasure_score': 0.0, 'max_steps': 1000.0, 'finished_steps': 732.25, 'treasure_random': 0.0, 'total_treasures': 0.0, 'collected_treasures': 0.0, 'buff_cnt': 0.12, 'buff_cooldown': 100.0, 'talent_cooldown': 100.0, 'talent_cnt': 0.0, 'buff_random': 1.0, 'obstacle_count': 0.0, 'obstacle_random': 0.0}, 'diy': {'diy_1': 0.25, 'diy_2': -0.01, 'diy_3': 0.44, 'diy_4': 0.0, 'diy_5': 0.48}}
2025-07-26 01:29:41.237 | INFO | PID:267 | env_proxy_lazy.reset:100 - aisrv EnvProxy reset one game success
2025-07-26 01:29:53.531 | INFO | PID:263 | agent.load_model:87 - aisrv load model /data/ckpt/back_to_the_realm_v2_target_dqn/models/model.ckpt_back_to_the_realm_v2_target_dqn_0/model.ckpt-700.pkl successfully
2025-07-26 01:29:53.531 | INFO | PID:263 | predict_common.standard_load_model_detail:350 - aisrv predict standard_load_model success, policy train_one, path /data/ckpt/back_to_the_realm_v2_target_dqn/models/model.ckpt_back_to_the_realm_v2_target_dqn_0, id 700
2025-07-26 01:29:55.104 | INFO | PID:267 | train_workflow.run_episodes:147 - aisrv Game terminated! step_no:859 score:178.0 win_rate:0.17391304347826086
2025-07-26 01:29:55.217 | INFO | PID:267 | train_workflow.run_episodes:69 - aisrv training_metrics is {'basic': {'train_global_step': 748.0, 'sample_production_and_consumption_ratio': 4.73, 'episode_cnt': 387.0, 'sample_receive_cnt': 324080.0, 'predict_succ_cnt': 328541.0, 'load_model_succ_cnt': 84.0}, 'algorithm': {'reward': 0.01, 'q_value': 0.65, 'value_loss': 0.44, 'policy_loss': 0, 'entropy_loss': 0}, 'env': {'total_score': 0.0, 'treasure_score': 0.0, 'max_steps': 1000.0, 'finished_steps': 1000.0, 'treasure_random': 0.0, 'total_treasures': 0.0, 'collected_treasures': 0.0, 'buff_cnt': 0.12, 'buff_cooldown': 100.0, 'talent_cooldown': 100.0, 'talent_cnt': 0.0, 'buff_random': 1.0, 'obstacle_count': 0.0, 'obstacle_random': 0.0}, 'diy': {'diy_1': 0.25, 'diy_2': -0.01, 'diy_3': 0.44, 'diy_4': 0.0, 'diy_5': 0.48}}
2025-07-26 01:29:55.354 | INFO | PID:267 | env_proxy_lazy.reset:100 - aisrv EnvProxy reset one game success
2025-07-26 01:30:02.083 | INFO | PID:263 | agent.load_model:87 - aisrv load model /data/ckpt/back_to_the_realm_v2_target_dqn/models/model.ckpt_back_to_the_realm_v2_target_dqn_0/model.ckpt-700.pkl successfully
2025-07-26 01:30:02.084 | INFO | PID:263 | predict_common.standard_load_model_detail:350 - aisrv predict standard_load_model success, policy train_one, path /data/ckpt/back_to_the_realm_v2_target_dqn/models/model.ckpt_back_to_the_realm_v2_target_dqn_0, id 700
2025-07-26 01:30:11.107 | INFO | PID:267 | train_workflow.run_episodes:141 - aisrv Game truncated! step_no:999 score:0.0 win_rate:0.1702127659574468
2025-07-26 01:30:11.294 | INFO | PID:267 | train_workflow.run_episodes:69 - aisrv training_metrics is {'basic': {'train_global_step': 748.0, 'sample_production_and_consumption_ratio': 4.73, 'episode_cnt': 401.0, 'sample_receive_cnt': 324080.0, 'predict_succ_cnt': 328541.0, 'load_model_succ_cnt': 84.0}, 'algorithm': {'reward': 0.01, 'q_value': 0.65, 'value_loss': 0.44, 'policy_loss': 0, 'entropy_loss': 0}, 'env': {'total_score': 35.62, 'treasure_score': 0.0, 'max_steps': 1000.0, 'finished_steps': 915.5, 'treasure_random': 0.0, 'total_treasures': 0.0, 'collected_treasures': 0.0, 'buff_cnt': 0.0, 'buff_cooldown': 100.0, 'talent_cooldown': 100.0, 'talent_cnt': 0.0, 'buff_random': 1.0, 'obstacle_count': 0.0, 'obstacle_random': 0.0}, 'diy': {'diy_1': 0.26, 'diy_2': -0.01, 'diy_3': 0.44, 'diy_4': 0.0, 'diy_5': 0.46}}
2025-07-26 01:30:11.399 | INFO | PID:267 | env_proxy_lazy.reset:100 - aisrv EnvProxy reset one game success
2025-07-26 01:30:12.078 | INFO | PID:263 | actor_proxy_local.predict_stat:482 - aisrv predict now predict count is 178928
2025-07-26 01:30:17.825 | INFO | PID:267 | train_workflow.run_episodes:147 - aisrv Game terminated! step_no:477 score:254.4 win_rate:0.1875
2025-07-26 01:30:17.868 | INFO | PID:267 | train_workflow.run_episodes:69 - aisrv training_metrics is {'basic': {'train_global_step': 827.0, 'sample_production_and_consumption_ratio': 4.76, 'episode_cnt': 401.0, 'sample_receive_cnt': 355934.0, 'predict_succ_cnt': 361213.0, 'load_model_succ_cnt': 95.0}, 'algorithm': {'reward': 0.01, 'q_value': 0.65, 'value_loss': 0.44, 'policy_loss': 0, 'entropy_loss': 0}, 'env': {'total_score': 35.62, 'treasure_score': 0.0, 'max_steps': 1000.0, 'finished_steps': 915.5, 'treasure_random': 0.0, 'total_treasures': 0.0, 'collected_treasures': 0.0, 'buff_cnt': 0.0, 'buff_cooldown': 100.0, 'talent_cooldown': 100.0, 'talent_cnt': 0.0, 'buff_random': 1.0, 'obstacle_count': 0.0, 'obstacle_random': 0.0}, 'diy': {'diy_1': 0.26, 'diy_2': -0.01, 'diy_3': 0.44, 'diy_4': 0.0, 'diy_5': 0.5}}
2025-07-26 01:30:17.982 | INFO | PID:267 | env_proxy_lazy.reset:100 - aisrv EnvProxy reset one game success
2025-07-26 01:30:18.188 | INFO | PID:263 | agent.load_model:87 - aisrv load model /data/ckpt/back_to_the_realm_v2_target_dqn/models/model.ckpt_back_to_the_realm_v2_target_dqn_0/model.ckpt-700.pkl successfully
2025-07-26 01:30:18.189 | INFO | PID:263 | predict_common.standard_load_model_detail:350 - aisrv predict standard_load_model success, policy train_one, path /data/ckpt/back_to_the_realm_v2_target_dqn/models/model.ckpt_back_to_the_realm_v2_target_dqn_0, id 700
2025-07-26 01:30:31.571 | INFO | PID:267 | train_workflow.run_episodes:141 - aisrv Game truncated! step_no:999 score:0.0 win_rate:0.1836734693877551
2025-07-26 01:30:31.653 | INFO | PID:267 | train_workflow.run_episodes:69 - aisrv training_metrics is {'basic': {'train_global_step': 827.0, 'sample_production_and_consumption_ratio': 4.76, 'episode_cnt': 412.0, 'sample_receive_cnt': 355934.0, 'predict_succ_cnt': 361213.0, 'load_model_succ_cnt': 95.0}, 'algorithm': {'reward': 0.01, 'q_value': 0.65, 'value_loss': 0.44, 'policy_loss': 0, 'entropy_loss': 0}, 'env': {'total_score': 35.62, 'treasure_score': 0.0, 'max_steps': 1000.0, 'finished_steps': 915.5, 'treasure_random': 0.0, 'total_treasures': 0.0, 'collected_treasures': 0.0, 'buff_cnt': 0.75, 'buff_cooldown': 100.0, 'talent_cooldown': 100.0, 'talent_cnt': 0.0, 'buff_random': 1.0, 'obstacle_count': 0.0, 'obstacle_random': 0.0}, 'diy': {'diy_1': 0.26, 'diy_2': -0.01, 'diy_3': 0.44, 'diy_4': 0.0, 'diy_5': 0.6}}
2025-07-26 01:30:31.765 | INFO | PID:267 | env_proxy_lazy.reset:100 - aisrv EnvProxy reset one game success
2025-07-26 01:30:32.132 | INFO | PID:267 | train_workflow.run_episodes:147 - aisrv Game terminated! step_no:26 score:344.6 win_rate:0.2
2025-07-26 01:30:32.139 | INFO | PID:267 | train_workflow.run_episodes:69 - aisrv training_metrics is {'basic': {'train_global_step': 827.0, 'sample_production_and_consumption_ratio': 4.76, 'episode_cnt': 412.0, 'sample_receive_cnt': 355934.0, 'predict_succ_cnt': 361213.0, 'load_model_succ_cnt': 95.0}, 'algorithm': {'reward': 0.01, 'q_value': 0.65, 'value_loss': 0.44, 'policy_loss': 0, 'entropy_loss': 0}, 'env': {'total_score': 35.62, 'treasure_score': 0.0, 'max_steps': 1000.0, 'finished_steps': 915.5, 'treasure_random': 0.0, 'total_treasures': 0.0, 'collected_treasures': 0.0, 'buff_cnt': 0.75, 'buff_cooldown': 100.0, 'talent_cooldown': 100.0, 'talent_cnt': 0.0, 'buff_random': 1.0, 'obstacle_count': 0.0, 'obstacle_random': 0.0}, 'diy': {'diy_1': 0.26, 'diy_2': -0.01, 'diy_3': 0.44, 'diy_4': 0.0, 'diy_5': 0.6}}
2025-07-26 01:30:32.244 | INFO | PID:267 | env_proxy_lazy.reset:100 - aisrv EnvProxy reset one game success
2025-07-26 01:30:34.256 | INFO | PID:263 | agent.load_model:87 - aisrv load model /data/ckpt/back_to_the_realm_v2_target_dqn/models/model.ckpt_back_to_the_realm_v2_target_dqn_0/model.ckpt-700.pkl successfully
2025-07-26 01:30:34.256 | INFO | PID:263 | predict_common.standard_load_model_detail:350 - aisrv predict standard_load_model success, policy train_one, path /data/ckpt/back_to_the_realm_v2_target_dqn/models/model.ckpt_back_to_the_realm_v2_target_dqn_0, id 700
2025-07-26 01:30:34.268 | INFO | PID:264 | learner_proxy.sample_server_stat:212 - learner_proxy send reverb server stat, succ_cnt is 183869, error_cnt is 0
2025-07-26 01:30:45.672 | INFO | PID:267 | train_workflow.run_episodes:141 - aisrv Game truncated! step_no:999 score:0.0 win_rate:0.19607843137254902
2025-07-26 01:30:45.750 | INFO | PID:267 | train_workflow.run_episodes:69 - aisrv training_metrics is {'basic': {'train_global_step': 827.0, 'sample_production_and_consumption_ratio': 4.76, 'episode_cnt': 417.0, 'sample_receive_cnt': 355934.0, 'predict_succ_cnt': 361213.0, 'load_model_succ_cnt': 95.0}, 'algorithm': {'reward': 0.01, 'q_value': 0.8, 'value_loss': 0.06, 'policy_loss': 0, 'entropy_loss': 0}, 'env': {'total_score': 35.62, 'treasure_score': 0.0, 'max_steps': 1000.0, 'finished_steps': 915.5, 'treasure_random': 0.0, 'total_treasures': 0.0, 'collected_treasures': 0.0, 'buff_cnt': 0.75, 'buff_cooldown': 100.0, 'talent_cooldown': 100.0, 'talent_cnt': 0.0, 'buff_random': 1.0, 'obstacle_count': 0.0, 'obstacle_random': 0.0}, 'diy': {'diy_1': 0.26, 'diy_2': 0.0, 'diy_3': 0.44, 'diy_4': 0.0, 'diy_5': 0.51}}
2025-07-26 01:30:45.856 | INFO | PID:267 | env_proxy_lazy.reset:100 - aisrv EnvProxy reset one game success
2025-07-26 01:30:50.333 | INFO | PID:263 | agent.load_model:87 - aisrv load model /data/ckpt/back_to_the_realm_v2_target_dqn/models/model.ckpt_back_to_the_realm_v2_target_dqn_0/model.ckpt-700.pkl successfully
2025-07-26 01:30:50.334 | INFO | PID:263 | predict_common.standard_load_model_detail:350 - aisrv predict standard_load_model success, policy train_one, path /data/ckpt/back_to_the_realm_v2_target_dqn/models/model.ckpt_back_to_the_realm_v2_target_dqn_0, id 700
2025-07-26 01:30:52.567 | INFO | PID:263 | agent.load_model:87 - aisrv load model /data/ckpt/back_to_the_realm_v2_target_dqn/models/model.ckpt_back_to_the_realm_v2_target_dqn_0/model.ckpt-700.pkl successfully
2025-07-26 01:30:52.568 | INFO | PID:263 | predict_common.standard_load_model_detail:350 - aisrv predict standard_load_model success, policy train_one, path /data/ckpt/back_to_the_realm_v2_target_dqn/models/model.ckpt_back_to_the_realm_v2_target_dqn_0, id 700
2025-07-26 01:30:59.353 | INFO | PID:267 | train_workflow.run_episodes:141 - aisrv Game truncated! step_no:999 score:0.0 win_rate:0.19230769230769232
2025-07-26 01:30:59.431 | INFO | PID:267 | train_workflow.run_episodes:69 - aisrv training_metrics is {'basic': {'train_global_step': 827.0, 'sample_production_and_consumption_ratio': 4.76, 'episode_cnt': 441.0, 'sample_receive_cnt': 355934.0, 'predict_succ_cnt': 361213.0, 'load_model_succ_cnt': 95.0}, 'algorithm': {'reward': 0.01, 'q_value': 0.8, 'value_loss': 0.06, 'policy_loss': 0, 'entropy_loss': 0}, 'env': {'total_score': 0.0, 'treasure_score': 0.0, 'max_steps': 1000.0, 'finished_steps': 1000.0, 'treasure_random': 0.0, 'total_treasures': 0.0, 'collected_treasures': 0.0, 'buff_cnt': 0.75, 'buff_cooldown': 100.0, 'talent_cooldown': 100.0, 'talent_cnt': 0.0, 'buff_random': 1.0, 'obstacle_count': 0.0, 'obstacle_random': 0.0}, 'diy': {'diy_1': 0.26, 'diy_2': 0.0, 'diy_3': 0.0, 'diy_4': 0.0, 'diy_5': 0.53}}
2025-07-26 01:30:59.525 | INFO | PID:267 | env_proxy_lazy.reset:100 - aisrv EnvProxy reset one game success
2025-07-26 01:31:01.980 | INFO | PID:263 | agent.load_model:87 - aisrv load model /data/ckpt/back_to_the_realm_v2_target_dqn/models/model.ckpt_back_to_the_realm_v2_target_dqn_0/model.ckpt-700.pkl successfully
2025-07-26 01:31:01.981 | INFO | PID:263 | predict_common.standard_load_model_detail:350 - aisrv predict standard_load_model success, policy train_one, path /data/ckpt/back_to_the_realm_v2_target_dqn/models/model.ckpt_back_to_the_realm_v2_target_dqn_0, id 700
2025-07-26 01:31:12.006 | INFO | PID:262 | model_file_sync.pull_checkpoint_from_model_pool:902 - model_file_sync pull kaiwu_checkpoint_back_to_the_realm_v2_target_dqn_900.tar.gz from modelpool to /data/ckpt/back_to_the_realm_v2_target_dqn/models/model.ckpt_back_to_the_realm_v2_target_dqn_0 success                                 total pull from modelpool succ cnt is 6                                 total pull from modelpool err cnt is 0
2025-07-26 01:31:12.080 | INFO | PID:263 | actor_proxy_local.predict_stat:482 - aisrv predict now predict count is 195771
2025-07-26 01:31:13.789 | INFO | PID:267 | train_workflow.run_episodes:141 - aisrv Game truncated! step_no:999 score:0.0 win_rate:0.18867924528301888
2025-07-26 01:31:13.877 | INFO | PID:267 | train_workflow.run_episodes:69 - aisrv training_metrics is {'basic': {'train_global_step': 907.0, 'sample_production_and_consumption_ratio': 4.76, 'episode_cnt': 452.0, 'sample_receive_cnt': 390102.0, 'predict_succ_cnt': 378056.0, 'load_model_succ_cnt': 100.0}, 'algorithm': {'reward': 0.01, 'q_value': 0.8, 'value_loss': 0.06, 'policy_loss': 0, 'entropy_loss': 0}, 'env': {'total_score': 0.0, 'treasure_score': 0.0, 'max_steps': 1000.0, 'finished_steps': 1000.0, 'treasure_random': 0.0, 'total_treasures': 0.0, 'collected_treasures': 0.0, 'buff_cnt': 0.88, 'buff_cooldown': 100.0, 'talent_cooldown': 100.0, 'talent_cnt': 0.0, 'buff_random': 1.0, 'obstacle_count': 0.0, 'obstacle_random': 0.0}, 'diy': {'diy_1': 0.27, 'diy_2': 0.0, 'diy_3': 0.0, 'diy_4': 0.0, 'diy_5': 0.55}}
2025-07-26 01:31:13.990 | INFO | PID:267 | env_proxy_lazy.reset:100 - aisrv EnvProxy reset one game success
2025-07-26 01:31:17.817 | INFO | PID:263 | agent.load_model:87 - aisrv load model /data/ckpt/back_to_the_realm_v2_target_dqn/models/model.ckpt_back_to_the_realm_v2_target_dqn_0/model.ckpt-900.pkl successfully
2025-07-26 01:31:17.818 | INFO | PID:263 | predict_common.standard_load_model_detail:350 - aisrv predict standard_load_model success, policy train_one, path /data/ckpt/back_to_the_realm_v2_target_dqn/models/model.ckpt_back_to_the_realm_v2_target_dqn_0, id 900
2025-07-26 01:31:21.752 | INFO | PID:263 | agent.load_model:87 - aisrv load model /data/ckpt/back_to_the_realm_v2_target_dqn/models/model.ckpt_back_to_the_realm_v2_target_dqn_0/model.ckpt-900.pkl successfully
2025-07-26 01:31:21.753 | INFO | PID:263 | predict_common.standard_load_model_detail:350 - aisrv predict standard_load_model success, policy train_one, path /data/ckpt/back_to_the_realm_v2_target_dqn/models/model.ckpt_back_to_the_realm_v2_target_dqn_0, id 900
2025-07-26 01:31:26.836 | INFO | PID:267 | train_workflow.run_episodes:147 - aisrv Game terminated! step_no:812 score:187.4 win_rate:0.2037037037037037
2025-07-26 01:31:26.925 | INFO | PID:267 | train_workflow.run_episodes:69 - aisrv training_metrics is {'basic': {'train_global_step': 907.0, 'sample_production_and_consumption_ratio': 4.76, 'episode_cnt': 458.0, 'sample_receive_cnt': 390102.0, 'predict_succ_cnt': 394727.0, 'load_model_succ_cnt': 107.0}, 'algorithm': {'reward': 0.01, 'q_value': 0.8, 'value_loss': 0.06, 'policy_loss': 0, 'entropy_loss': 0}, 'env': {'total_score': 0.0, 'treasure_score': 0.0, 'max_steps': 1000.0, 'finished_steps': 1000.0, 'treasure_random': 0.0, 'total_treasures': 0.0, 'collected_treasures': 0.0, 'buff_cnt': 0.12, 'buff_cooldown': 100.0, 'talent_cooldown': 100.0, 'talent_cnt': 0.0, 'buff_random': 1.0, 'obstacle_count': 0.0, 'obstacle_random': 0.0}, 'diy': {'diy_1': 0.27, 'diy_2': 0.0, 'diy_3': 0.0, 'diy_4': 0.0, 'diy_5': 0.53}}
2025-07-26 01:31:27.021 | INFO | PID:267 | env_proxy_lazy.reset:100 - aisrv EnvProxy reset one game success
2025-07-26 01:31:28.429 | INFO | PID:267 | train_workflow.run_episodes:147 - aisrv Game terminated! step_no:90 score:331.8 win_rate:0.21818181818181817
2025-07-26 01:31:28.440 | INFO | PID:267 | train_workflow.run_episodes:69 - aisrv training_metrics is {'basic': {'train_global_step': 907.0, 'sample_production_and_consumption_ratio': 4.76, 'episode_cnt': 458.0, 'sample_receive_cnt': 390102.0, 'predict_succ_cnt': 394727.0, 'load_model_succ_cnt': 107.0}, 'algorithm': {'reward': 0.01, 'q_value': 0.8, 'value_loss': 0.06, 'policy_loss': 0, 'entropy_loss': 0}, 'env': {'total_score': 0.0, 'treasure_score': 0.0, 'max_steps': 1000.0, 'finished_steps': 1000.0, 'treasure_random': 0.0, 'total_treasures': 0.0, 'collected_treasures': 0.0, 'buff_cnt': 0.12, 'buff_cooldown': 100.0, 'talent_cooldown': 100.0, 'talent_cnt': 0.0, 'buff_random': 1.0, 'obstacle_count': 0.0, 'obstacle_random': 0.0}, 'diy': {'diy_1': 0.27, 'diy_2': 0.0, 'diy_3': 0.0, 'diy_4': 0.0, 'diy_5': 0.53}}
2025-07-26 01:31:28.553 | INFO | PID:267 | env_proxy_lazy.reset:100 - aisrv EnvProxy reset one game success
2025-07-26 01:31:36.244 | INFO | PID:264 | learner_proxy.sample_server_stat:212 - learner_proxy send reverb server stat, succ_cnt is 200062, error_cnt is 0
2025-07-26 01:31:37.606 | INFO | PID:263 | agent.load_model:87 - aisrv load model /data/ckpt/back_to_the_realm_v2_target_dqn/models/model.ckpt_back_to_the_realm_v2_target_dqn_0/model.ckpt-900.pkl successfully
2025-07-26 01:31:37.607 | INFO | PID:263 | predict_common.standard_load_model_detail:350 - aisrv predict standard_load_model success, policy train_one, path /data/ckpt/back_to_the_realm_v2_target_dqn/models/model.ckpt_back_to_the_realm_v2_target_dqn_0, id 900
2025-07-26 01:31:44.310 | INFO | PID:267 | train_workflow.run_episodes:141 - aisrv Game truncated! step_no:999 score:0.0 win_rate:0.21428571428571427
2025-07-26 01:31:44.488 | INFO | PID:267 | train_workflow.run_episodes:69 - aisrv training_metrics is {'basic': {'train_global_step': 907.0, 'sample_production_and_consumption_ratio': 4.76, 'episode_cnt': 458.0, 'sample_receive_cnt': 390102.0, 'predict_succ_cnt': 394727.0, 'load_model_succ_cnt': 107.0}, 'algorithm': {'reward': 0.0, 'q_value': 0.8, 'value_loss': 0.2, 'policy_loss': 0, 'entropy_loss': 0}, 'env': {'total_score': 0.0, 'treasure_score': 0.0, 'max_steps': 1000.0, 'finished_steps': 1000.0, 'treasure_random': 0.0, 'total_treasures': 0.0, 'collected_treasures': 0.0, 'buff_cnt': 0.12, 'buff_cooldown': 100.0, 'talent_cooldown': 100.0, 'talent_cnt': 0.0, 'buff_random': 1.0, 'obstacle_count': 0.0, 'obstacle_random': 0.0}, 'diy': {'diy_1': 0.28, 'diy_2': 0.0, 'diy_3': 0.0, 'diy_4': 0.0, 'diy_5': 0.39}}
2025-07-26 01:31:44.611 | INFO | PID:267 | env_proxy_lazy.reset:100 - aisrv EnvProxy reset one game success
2025-07-26 01:31:46.960 | INFO | PID:267 | train_workflow.run_episodes:147 - aisrv Game terminated! step_no:146 score:320.6 win_rate:0.22807017543859648
2025-07-26 01:31:46.979 | INFO | PID:267 | train_workflow.run_episodes:69 - aisrv training_metrics is {'basic': {'train_global_step': 907.0, 'sample_production_and_consumption_ratio': 4.76, 'episode_cnt': 466.0, 'sample_receive_cnt': 390102.0, 'predict_succ_cnt': 394727.0, 'load_model_succ_cnt': 107.0}, 'algorithm': {'reward': 0.0, 'q_value': 0.8, 'value_loss': 0.2, 'policy_loss': 0, 'entropy_loss': 0}, 'env': {'total_score': 0.0, 'treasure_score': 0.0, 'max_steps': 1000.0, 'finished_steps': 1000.0, 'treasure_random': 0.0, 'total_treasures': 0.0, 'collected_treasures': 0.0, 'buff_cnt': 0.12, 'buff_cooldown': 100.0, 'talent_cooldown': 100.0, 'talent_cnt': 0.0, 'buff_random': 1.0, 'obstacle_count': 0.0, 'obstacle_random': 0.0}, 'diy': {'diy_1': 0.28, 'diy_2': 0.0, 'diy_3': 0.0, 'diy_4': 0.0, 'diy_5': 0.38}}
2025-07-26 01:31:47.093 | INFO | PID:267 | env_proxy_lazy.reset:100 - aisrv EnvProxy reset one game success
2025-07-26 01:31:48.951 | INFO | PID:267 | train_workflow.run_episodes:147 - aisrv Game terminated! step_no:113 score:327.2 win_rate:0.2413793103448276
2025-07-26 01:31:48.966 | INFO | PID:267 | train_workflow.run_episodes:69 - aisrv training_metrics is {'basic': {'train_global_step': 907.0, 'sample_production_and_consumption_ratio': 4.76, 'episode_cnt': 466.0, 'sample_receive_cnt': 390102.0, 'predict_succ_cnt': 394727.0, 'load_model_succ_cnt': 107.0}, 'algorithm': {'reward': 0.0, 'q_value': 0.8, 'value_loss': 0.2, 'policy_loss': 0, 'entropy_loss': 0}, 'env': {'total_score': 0.0, 'treasure_score': 0.0, 'max_steps': 1000.0, 'finished_steps': 1000.0, 'treasure_random': 0.0, 'total_treasures': 0.0, 'collected_treasures': 0.0, 'buff_cnt': 0.12, 'buff_cooldown': 100.0, 'talent_cooldown': 100.0, 'talent_cnt': 0.0, 'buff_random': 1.0, 'obstacle_count': 0.0, 'obstacle_random': 0.0}, 'diy': {'diy_1': 0.28, 'diy_2': 0.0, 'diy_3': 0.0, 'diy_4': 0.0, 'diy_5': 0.38}}
2025-07-26 01:31:49.076 | INFO | PID:267 | env_proxy_lazy.reset:100 - aisrv EnvProxy reset one game success
2025-07-26 01:31:51.070 | INFO | PID:267 | train_workflow.run_episodes:147 - aisrv Game terminated! step_no:127 score:324.4 win_rate:0.2542372881355932
2025-07-26 01:31:51.104 | INFO | PID:267 | train_workflow.run_episodes:69 - aisrv training_metrics is {'basic': {'train_global_step': 907.0, 'sample_production_and_consumption_ratio': 4.76, 'episode_cnt': 466.0, 'sample_receive_cnt': 390102.0, 'predict_succ_cnt': 394727.0, 'load_model_succ_cnt': 107.0}, 'algorithm': {'reward': 0.0, 'q_value': 0.8, 'value_loss': 0.2, 'policy_loss': 0, 'entropy_loss': 0}, 'env': {'total_score': 0.0, 'treasure_score': 0.0, 'max_steps': 1000.0, 'finished_steps': 1000.0, 'treasure_random': 0.0, 'total_treasures': 0.0, 'collected_treasures': 0.0, 'buff_cnt': 0.12, 'buff_cooldown': 100.0, 'talent_cooldown': 100.0, 'talent_cnt': 0.0, 'buff_random': 1.0, 'obstacle_count': 0.0, 'obstacle_random': 0.0}, 'diy': {'diy_1': 0.28, 'diy_2': 0.0, 'diy_3': 0.0, 'diy_4': 0.0, 'diy_5': 0.41}}
2025-07-26 01:31:51.227 | INFO | PID:267 | env_proxy_lazy.reset:100 - aisrv EnvProxy reset one game success
2025-07-26 01:31:53.413 | INFO | PID:263 | agent.load_model:87 - aisrv load model /data/ckpt/back_to_the_realm_v2_target_dqn/models/model.ckpt_back_to_the_realm_v2_target_dqn_0/model.ckpt-900.pkl successfully
2025-07-26 01:31:53.414 | INFO | PID:263 | predict_common.standard_load_model_detail:350 - aisrv predict standard_load_model success, policy train_one, path /data/ckpt/back_to_the_realm_v2_target_dqn/models/model.ckpt_back_to_the_realm_v2_target_dqn_0, id 900
2025-07-26 01:31:54.439 | INFO | PID:263 | agent.load_model:87 - aisrv load model /data/ckpt/back_to_the_realm_v2_target_dqn/models/model.ckpt_back_to_the_realm_v2_target_dqn_0/model.ckpt-900.pkl successfully
2025-07-26 01:31:54.439 | INFO | PID:263 | predict_common.standard_load_model_detail:350 - aisrv predict standard_load_model success, policy train_one, path /data/ckpt/back_to_the_realm_v2_target_dqn/models/model.ckpt_back_to_the_realm_v2_target_dqn_0, id 900
2025-07-26 01:32:05.735 | INFO | PID:263 | agent.load_model:87 - aisrv load model /data/ckpt/back_to_the_realm_v2_target_dqn/models/model.ckpt_back_to_the_realm_v2_target_dqn_0/model.ckpt-900.pkl successfully
2025-07-26 01:32:05.735 | INFO | PID:263 | predict_common.standard_load_model_detail:350 - aisrv predict standard_load_model success, policy train_one, path /data/ckpt/back_to_the_realm_v2_target_dqn/models/model.ckpt_back_to_the_realm_v2_target_dqn_0, id 900
2025-07-26 01:32:06.995 | INFO | PID:267 | train_workflow.run_episodes:141 - aisrv Game truncated! step_no:999 score:0.0 win_rate:0.25
2025-07-26 01:32:07.080 | INFO | PID:267 | train_workflow.run_episodes:69 - aisrv training_metrics is {'basic': {'train_global_step': 907.0, 'sample_production_and_consumption_ratio': 4.76, 'episode_cnt': 494.0, 'sample_receive_cnt': 390102.0, 'predict_succ_cnt': 394727.0, 'load_model_succ_cnt': 107.0}, 'algorithm': {'reward': 0.0, 'q_value': 0.8, 'value_loss': 0.2, 'policy_loss': 0, 'entropy_loss': 0}, 'env': {'total_score': 0.0, 'treasure_score': 0.0, 'max_steps': 1000.0, 'finished_steps': 1000.0, 'treasure_random': 0.0, 'total_treasures': 0.0, 'collected_treasures': 0.0, 'buff_cnt': 0.12, 'buff_cooldown': 100.0, 'talent_cooldown': 100.0, 'talent_cnt': 0.0, 'buff_random': 1.0, 'obstacle_count': 0.0, 'obstacle_random': 0.0}, 'diy': {'diy_1': 0.28, 'diy_2': 0.0, 'diy_3': 0.0, 'diy_4': 0.0, 'diy_5': 0.4}}
2025-07-26 01:32:07.215 | INFO | PID:267 | env_proxy_lazy.reset:100 - aisrv EnvProxy reset one game success
2025-07-26 01:32:12.085 | INFO | PID:263 | actor_proxy_local.predict_stat:482 - aisrv predict now predict count is 212020
2025-07-26 01:32:20.907 | INFO | PID:267 | train_workflow.run_episodes:141 - aisrv Game truncated! step_no:999 score:0.0 win_rate:0.2459016393442623
2025-07-26 01:32:20.997 | INFO | PID:267 | train_workflow.run_episodes:69 - aisrv training_metrics is {'basic': {'train_global_step': 986.0, 'sample_production_and_consumption_ratio': 4.76, 'episode_cnt': 501.0, 'sample_receive_cnt': 423806.0, 'predict_succ_cnt': 427738.0, 'load_model_succ_cnt': 119.0}, 'algorithm': {'reward': 0.0, 'q_value': 0.8, 'value_loss': 0.2, 'policy_loss': 0, 'entropy_loss': 0}, 'env': {'total_score': 0.0, 'treasure_score': 0.0, 'max_steps': 1000.0, 'finished_steps': 1000.0, 'treasure_random': 0.0, 'total_treasures': 0.0, 'collected_treasures': 0.0, 'buff_cnt': 0.12, 'buff_cooldown': 100.0, 'talent_cooldown': 100.0, 'talent_cnt': 0.0, 'buff_random': 1.0, 'obstacle_count': 0.0, 'obstacle_random': 0.0}, 'diy': {'diy_1': 0.28, 'diy_2': 0.0, 'diy_3': 0.0, 'diy_4': 0.0, 'diy_5': 0.36}}
2025-07-26 01:32:21.105 | INFO | PID:267 | env_proxy_lazy.reset:100 - aisrv EnvProxy reset one game success
2025-07-26 01:32:21.742 | INFO | PID:263 | agent.load_model:87 - aisrv load model /data/ckpt/back_to_the_realm_v2_target_dqn/models/model.ckpt_back_to_the_realm_v2_target_dqn_0/model.ckpt-900.pkl successfully
2025-07-26 01:32:21.743 | INFO | PID:263 | predict_common.standard_load_model_detail:350 - aisrv predict standard_load_model success, policy train_one, path /data/ckpt/back_to_the_realm_v2_target_dqn/models/model.ckpt_back_to_the_realm_v2_target_dqn_0, id 900
2025-07-26 01:32:23.345 | INFO | PID:263 | agent.load_model:87 - aisrv load model /data/ckpt/back_to_the_realm_v2_target_dqn/models/model.ckpt_back_to_the_realm_v2_target_dqn_0/model.ckpt-900.pkl successfully
2025-07-26 01:32:23.346 | INFO | PID:263 | predict_common.standard_load_model_detail:350 - aisrv predict standard_load_model success, policy train_one, path /data/ckpt/back_to_the_realm_v2_target_dqn/models/model.ckpt_back_to_the_realm_v2_target_dqn_0, id 900
2025-07-26 01:32:34.474 | INFO | PID:267 | train_workflow.run_episodes:141 - aisrv Game truncated! step_no:999 score:0.0 win_rate:0.24193548387096775
2025-07-26 01:32:34.553 | INFO | PID:267 | train_workflow.run_episodes:69 - aisrv training_metrics is {'basic': {'train_global_step': 986.0, 'sample_production_and_consumption_ratio': 4.76, 'episode_cnt': 515.0, 'sample_receive_cnt': 423806.0, 'predict_succ_cnt': 427738.0, 'load_model_succ_cnt': 119.0}, 'algorithm': {'reward': 0.0, 'q_value': 0.8, 'value_loss': 0.2, 'policy_loss': 0, 'entropy_loss': 0}, 'env': {'total_score': 0.0, 'treasure_score': 0.0, 'max_steps': 1000.0, 'finished_steps': 1000.0, 'treasure_random': 0.0, 'total_treasures': 0.0, 'collected_treasures': 0.0, 'buff_cnt': 0.0, 'buff_cooldown': 100.0, 'talent_cooldown': 100.0, 'talent_cnt': 0.0, 'buff_random': 1.0, 'obstacle_count': 0.0, 'obstacle_random': 0.0}, 'diy': {'diy_1': 0.29, 'diy_2': 0.0, 'diy_3': 0.0, 'diy_4': 0.0, 'diy_5': 0.45}}
2025-07-26 01:32:34.658 | INFO | PID:267 | env_proxy_lazy.reset:100 - aisrv EnvProxy reset one game success
2025-07-26 01:32:39.172 | INFO | PID:264 | learner_proxy.sample_server_stat:212 - learner_proxy send reverb server stat, succ_cnt is 218507, error_cnt is 0
2025-07-26 01:32:39.182 | INFO | PID:263 | agent.load_model:87 - aisrv load model /data/ckpt/back_to_the_realm_v2_target_dqn/models/model.ckpt_back_to_the_realm_v2_target_dqn_0/model.ckpt-900.pkl successfully
2025-07-26 01:32:39.182 | INFO | PID:263 | predict_common.standard_load_model_detail:350 - aisrv predict standard_load_model success, policy train_one, path /data/ckpt/back_to_the_realm_v2_target_dqn/models/model.ckpt_back_to_the_realm_v2_target_dqn_0, id 900
2025-07-26 01:32:40.025 | INFO | PID:263 | agent.load_model:87 - aisrv load model /data/ckpt/back_to_the_realm_v2_target_dqn/models/model.ckpt_back_to_the_realm_v2_target_dqn_0/model.ckpt-900.pkl successfully
2025-07-26 01:32:40.026 | INFO | PID:263 | predict_common.standard_load_model_detail:350 - aisrv predict standard_load_model success, policy train_one, path /data/ckpt/back_to_the_realm_v2_target_dqn/models/model.ckpt_back_to_the_realm_v2_target_dqn_0, id 900
2025-07-26 01:32:48.074 | INFO | PID:267 | train_workflow.run_episodes:141 - aisrv Game truncated! step_no:999 score:0.0 win_rate:0.23809523809523808
2025-07-26 01:32:48.169 | INFO | PID:267 | train_workflow.run_episodes:69 - aisrv training_metrics is {'basic': {'train_global_step': 986.0, 'sample_production_and_consumption_ratio': 4.76, 'episode_cnt': 515.0, 'sample_receive_cnt': 423806.0, 'predict_succ_cnt': 427738.0, 'load_model_succ_cnt': 119.0}, 'algorithm': {'reward': 0.01, 'q_value': 0.87, 'value_loss': 0.1, 'policy_loss': 0, 'entropy_loss': 0}, 'env': {'total_score': 0.0, 'treasure_score': 0.0, 'max_steps': 1000.0, 'finished_steps': 1000.0, 'treasure_random': 0.0, 'total_treasures': 0.0, 'collected_treasures': 0.0, 'buff_cnt': 0.0, 'buff_cooldown': 100.0, 'talent_cooldown': 100.0, 'talent_cnt': 0.0, 'buff_random': 1.0, 'obstacle_count': 0.0, 'obstacle_random': 0.0}, 'diy': {'diy_1': 0.29, 'diy_2': -0.01, 'diy_3': 0.0, 'diy_4': 0.0, 'diy_5': 0.54}}
2025-07-26 01:32:48.275 | INFO | PID:267 | env_proxy_lazy.reset:100 - aisrv EnvProxy reset one game success
2025-07-26 01:32:56.063 | INFO | PID:263 | agent.load_model:87 - aisrv load model /data/ckpt/back_to_the_realm_v2_target_dqn/models/model.ckpt_back_to_the_realm_v2_target_dqn_0/model.ckpt-900.pkl successfully
2025-07-26 01:32:56.063 | INFO | PID:263 | predict_common.standard_load_model_detail:350 - aisrv predict standard_load_model success, policy train_one, path /data/ckpt/back_to_the_realm_v2_target_dqn/models/model.ckpt_back_to_the_realm_v2_target_dqn_0, id 900
2025-07-26 01:33:00.539 | INFO | PID:263 | agent.load_model:87 - aisrv load model /data/ckpt/back_to_the_realm_v2_target_dqn/models/model.ckpt_back_to_the_realm_v2_target_dqn_0/model.ckpt-900.pkl successfully
2025-07-26 01:33:00.540 | INFO | PID:263 | predict_common.standard_load_model_detail:350 - aisrv predict standard_load_model success, policy train_one, path /data/ckpt/back_to_the_realm_v2_target_dqn/models/model.ckpt_back_to_the_realm_v2_target_dqn_0, id 900
2025-07-26 01:33:01.195 | INFO | PID:267 | train_workflow.run_episodes:147 - aisrv Game terminated! step_no:943 score:161.2 win_rate:0.25
2025-07-26 01:33:01.278 | INFO | PID:267 | train_workflow.run_episodes:69 - aisrv training_metrics is {'basic': {'train_global_step': 986.0, 'sample_production_and_consumption_ratio': 4.76, 'episode_cnt': 528.0, 'sample_receive_cnt': 423806.0, 'predict_succ_cnt': 427738.0, 'load_model_succ_cnt': 119.0}, 'algorithm': {'reward': 0.01, 'q_value': 0.87, 'value_loss': 0.1, 'policy_loss': 0, 'entropy_loss': 0}, 'env': {'total_score': 0.0, 'treasure_score': 0.0, 'max_steps': 1000.0, 'finished_steps': 1000.0, 'treasure_random': 0.0, 'total_treasures': 0.0, 'collected_treasures': 0.0, 'buff_cnt': 0.0, 'buff_cooldown': 100.0, 'talent_cooldown': 100.0, 'talent_cnt': 0.0, 'buff_random': 1.0, 'obstacle_count': 0.0, 'obstacle_random': 0.0}, 'diy': {'diy_1': 0.29, 'diy_2': -0.01, 'diy_3': 0.0, 'diy_4': 0.0, 'diy_5': 0.63}}
2025-07-26 01:33:01.385 | INFO | PID:267 | env_proxy_lazy.reset:100 - aisrv EnvProxy reset one game success
2025-07-26 01:33:04.609 | INFO | PID:263 | agent.load_model:87 - aisrv load model /data/ckpt/back_to_the_realm_v2_target_dqn/models/model.ckpt_back_to_the_realm_v2_target_dqn_0/model.ckpt-900.pkl successfully
2025-07-26 01:33:04.610 | INFO | PID:263 | predict_common.standard_load_model_detail:350 - aisrv predict standard_load_model success, policy train_one, path /data/ckpt/back_to_the_realm_v2_target_dqn/models/model.ckpt_back_to_the_realm_v2_target_dqn_0, id 900
2025-07-26 01:33:12.014 | INFO | PID:262 | model_file_sync.pull_checkpoint_from_model_pool:902 - model_file_sync pull kaiwu_checkpoint_back_to_the_realm_v2_target_dqn_1000.tar.gz from modelpool to /data/ckpt/back_to_the_realm_v2_target_dqn/models/model.ckpt_back_to_the_realm_v2_target_dqn_0 success                                 total pull from modelpool succ cnt is 7                                 total pull from modelpool err cnt is 0
2025-07-26 01:33:12.091 | INFO | PID:263 | actor_proxy_local.predict_stat:482 - aisrv predict now predict count is 228844
2025-07-26 01:33:15.871 | INFO | PID:267 | train_workflow.run_episodes:141 - aisrv Game truncated! step_no:999 score:0.0 win_rate:0.24615384615384617
2025-07-26 01:33:15.969 | INFO | PID:267 | train_workflow.run_episodes:69 - aisrv training_metrics is {'basic': {'train_global_step': 1064.0, 'sample_production_and_consumption_ratio': 4.77, 'episode_cnt': 534.0, 'sample_receive_cnt': 456992.0, 'predict_succ_cnt': 461288.0, 'load_model_succ_cnt': 132.0}, 'algorithm': {'reward': 0.01, 'q_value': 0.87, 'value_loss': 0.1, 'policy_loss': 0, 'entropy_loss': 0}, 'env': {'total_score': 0.0, 'treasure_score': 0.0, 'max_steps': 1000.0, 'finished_steps': 1000.0, 'treasure_random': 0.0, 'total_treasures': 0.0, 'collected_treasures': 0.0, 'buff_cnt': 0.0, 'buff_cooldown': 100.0, 'talent_cooldown': 100.0, 'talent_cnt': 0.0, 'buff_random': 1.0, 'obstacle_count': 0.0, 'obstacle_random': 0.0}, 'diy': {'diy_1': 0.3, 'diy_2': -0.01, 'diy_3': 0.0, 'diy_4': 0.0, 'diy_5': 0.7}}
2025-07-26 01:33:16.072 | INFO | PID:267 | env_proxy_lazy.reset:100 - aisrv EnvProxy reset one game success
2025-07-26 01:33:18.556 | INFO | PID:263 | agent.load_model:87 - aisrv load model /data/ckpt/back_to_the_realm_v2_target_dqn/models/model.ckpt_back_to_the_realm_v2_target_dqn_0/model.ckpt-1000.pkl successfully
2025-07-26 01:33:18.557 | INFO | PID:263 | predict_common.standard_load_model_detail:350 - aisrv predict standard_load_model success, policy train_one, path /data/ckpt/back_to_the_realm_v2_target_dqn/models/model.ckpt_back_to_the_realm_v2_target_dqn_0, id 1000
2025-07-26 01:33:31.734 | INFO | PID:267 | train_workflow.run_episodes:141 - aisrv Game truncated! step_no:999 score:0.0 win_rate:0.24242424242424243
2025-07-26 01:33:31.824 | INFO | PID:267 | train_workflow.run_episodes:69 - aisrv training_metrics is {'basic': {'train_global_step': 1064.0, 'sample_production_and_consumption_ratio': 4.77, 'episode_cnt': 560.0, 'sample_receive_cnt': 456992.0, 'predict_succ_cnt': 461288.0, 'load_model_succ_cnt': 132.0}, 'algorithm': {'reward': 0.01, 'q_value': 0.87, 'value_loss': 0.1, 'policy_loss': 0, 'entropy_loss': 0}, 'env': {'total_score': 0.0, 'treasure_score': 0.0, 'max_steps': 1000.0, 'finished_steps': 1000.0, 'treasure_random': 0.0, 'total_treasures': 0.0, 'collected_treasures': 0.0, 'buff_cnt': 0.0, 'buff_cooldown': 100.0, 'talent_cooldown': 100.0, 'talent_cnt': 0.0, 'buff_random': 1.0, 'obstacle_count': 0.0, 'obstacle_random': 0.0}, 'diy': {'diy_1': 0.3, 'diy_2': -0.02, 'diy_3': 0.0, 'diy_4': 0.0, 'diy_5': 0.79}}
2025-07-26 01:33:31.928 | INFO | PID:267 | env_proxy_lazy.reset:100 - aisrv EnvProxy reset one game success
2025-07-26 01:33:34.392 | INFO | PID:263 | agent.load_model:87 - aisrv load model /data/ckpt/back_to_the_realm_v2_target_dqn/models/model.ckpt_back_to_the_realm_v2_target_dqn_0/model.ckpt-1000.pkl successfully
2025-07-26 01:33:34.392 | INFO | PID:263 | predict_common.standard_load_model_detail:350 - aisrv predict standard_load_model success, policy train_one, path /data/ckpt/back_to_the_realm_v2_target_dqn/models/model.ckpt_back_to_the_realm_v2_target_dqn_0, id 1000
2025-07-26 01:33:41.613 | INFO | PID:264 | learner_proxy.sample_server_stat:212 - learner_proxy send reverb server stat, succ_cnt is 234789, error_cnt is 0
2025-07-26 01:33:47.654 | INFO | PID:267 | train_workflow.run_episodes:141 - aisrv Game truncated! step_no:999 score:0.0 win_rate:0.23880597014925373
2025-07-26 01:33:47.743 | INFO | PID:267 | train_workflow.run_episodes:69 - aisrv training_metrics is {'basic': {'train_global_step': 1064.0, 'sample_production_and_consumption_ratio': 4.77, 'episode_cnt': 565.0, 'sample_receive_cnt': 456992.0, 'predict_succ_cnt': 461288.0, 'load_model_succ_cnt': 132.0}, 'algorithm': {'reward': 0.0, 'q_value': 0.89, 'value_loss': 0.22, 'policy_loss': 0, 'entropy_loss': 0}, 'env': {'total_score': 0.0, 'treasure_score': 0.0, 'max_steps': 1000.0, 'finished_steps': 1000.0, 'treasure_random': 0.0, 'total_treasures': 0.0, 'collected_treasures': 0.0, 'buff_cnt': 0.0, 'buff_cooldown': 100.0, 'talent_cooldown': 100.0, 'talent_cnt': 0.0, 'buff_random': 1.0, 'obstacle_count': 0.0, 'obstacle_random': 0.0}, 'diy': {'diy_1': 0.3, 'diy_2': -0.02, 'diy_3': 0.0, 'diy_4': 0.0, 'diy_5': 0.8}}
2025-07-26 01:33:47.861 | INFO | PID:267 | env_proxy_lazy.reset:100 - aisrv EnvProxy reset one game success
2025-07-26 01:33:50.487 | INFO | PID:263 | agent.load_model:87 - aisrv load model /data/ckpt/back_to_the_realm_v2_target_dqn/models/model.ckpt_back_to_the_realm_v2_target_dqn_0/model.ckpt-1000.pkl successfully
2025-07-26 01:33:50.487 | INFO | PID:263 | predict_common.standard_load_model_detail:350 - aisrv predict standard_load_model success, policy train_one, path /data/ckpt/back_to_the_realm_v2_target_dqn/models/model.ckpt_back_to_the_realm_v2_target_dqn_0, id 1000
2025-07-26 01:33:51.427 | INFO | PID:263 | agent.load_model:87 - aisrv load model /data/ckpt/back_to_the_realm_v2_target_dqn/models/model.ckpt_back_to_the_realm_v2_target_dqn_0/model.ckpt-1000.pkl successfully
2025-07-26 01:33:51.428 | INFO | PID:263 | predict_common.standard_load_model_detail:350 - aisrv predict standard_load_model success, policy train_one, path /data/ckpt/back_to_the_realm_v2_target_dqn/models/model.ckpt_back_to_the_realm_v2_target_dqn_0, id 1000
2025-07-26 01:34:04.475 | INFO | PID:267 | train_workflow.run_episodes:141 - aisrv Game truncated! step_no:999 score:0.0 win_rate:0.23529411764705882
2025-07-26 01:34:04.556 | INFO | PID:267 | train_workflow.run_episodes:69 - aisrv training_metrics is {'basic': {'train_global_step': 1064.0, 'sample_production_and_consumption_ratio': 4.77, 'episode_cnt': 573.0, 'sample_receive_cnt': 456992.0, 'predict_succ_cnt': 461288.0, 'load_model_succ_cnt': 132.0}, 'algorithm': {'reward': 0.0, 'q_value': 0.89, 'value_loss': 0.22, 'policy_loss': 0, 'entropy_loss': 0}, 'env': {'total_score': 0.0, 'treasure_score': 0.0, 'max_steps': 1000.0, 'finished_steps': 1000.0, 'treasure_random': 0.0, 'total_treasures': 0.0, 'collected_treasures': 0.0, 'buff_cnt': 0.0, 'buff_cooldown': 100.0, 'talent_cooldown': 100.0, 'talent_cnt': 0.0, 'buff_random': 1.0, 'obstacle_count': 0.0, 'obstacle_random': 0.0}, 'diy': {'diy_1': 0.3, 'diy_2': -0.02, 'diy_3': 0.0, 'diy_4': 0.0, 'diy_5': 0.8}}
2025-07-26 01:34:04.660 | INFO | PID:267 | env_proxy_lazy.reset:100 - aisrv EnvProxy reset one game success
2025-07-26 01:34:08.037 | INFO | PID:263 | agent.load_model:87 - aisrv load model /data/ckpt/back_to_the_realm_v2_target_dqn/models/model.ckpt_back_to_the_realm_v2_target_dqn_0/model.ckpt-1000.pkl successfully
2025-07-26 01:34:08.037 | INFO | PID:263 | predict_common.standard_load_model_detail:350 - aisrv predict standard_load_model success, policy train_one, path /data/ckpt/back_to_the_realm_v2_target_dqn/models/model.ckpt_back_to_the_realm_v2_target_dqn_0, id 1000
2025-07-26 01:34:12.092 | INFO | PID:263 | actor_proxy_local.predict_stat:482 - aisrv predict now predict count is 244810
2025-07-26 01:34:20.346 | INFO | PID:267 | train_workflow.run_episodes:141 - aisrv Game truncated! step_no:999 score:0.0 win_rate:0.2318840579710145
2025-07-26 01:34:20.434 | INFO | PID:267 | train_workflow.run_episodes:69 - aisrv training_metrics is {'basic': {'train_global_step': 1141.0, 'sample_production_and_consumption_ratio': 4.76, 'episode_cnt': 592.0, 'sample_receive_cnt': 490432.0, 'predict_succ_cnt': 493703.0, 'load_model_succ_cnt': 142.0}, 'algorithm': {'reward': 0.0, 'q_value': 0.89, 'value_loss': 0.22, 'policy_loss': 0, 'entropy_loss': 0}, 'env': {'total_score': 0.0, 'treasure_score': 0.0, 'max_steps': 1000.0, 'finished_steps': 1000.0, 'treasure_random': 0.0, 'total_treasures': 0.0, 'collected_treasures': 0.0, 'buff_cnt': 0.12, 'buff_cooldown': 100.0, 'talent_cooldown': 100.0, 'talent_cnt': 0.0, 'buff_random': 1.0, 'obstacle_count': 0.0, 'obstacle_random': 0.0}, 'diy': {'diy_1': 0.3, 'diy_2': -0.02, 'diy_3': 0.0, 'diy_4': -0.38, 'diy_5': 0.76}}
2025-07-26 01:34:20.542 | INFO | PID:267 | env_proxy_lazy.reset:100 - aisrv EnvProxy reset one game success
2025-07-26 01:34:24.258 | INFO | PID:263 | agent.load_model:87 - aisrv load model /data/ckpt/back_to_the_realm_v2_target_dqn/models/model.ckpt_back_to_the_realm_v2_target_dqn_0/model.ckpt-1000.pkl successfully
2025-07-26 01:34:24.259 | INFO | PID:263 | predict_common.standard_load_model_detail:350 - aisrv predict standard_load_model success, policy train_one, path /data/ckpt/back_to_the_realm_v2_target_dqn/models/model.ckpt_back_to_the_realm_v2_target_dqn_0, id 1000
2025-07-26 01:34:36.303 | INFO | PID:267 | train_workflow.run_episodes:141 - aisrv Game truncated! step_no:999 score:0.0 win_rate:0.22857142857142856
2025-07-26 01:34:36.433 | INFO | PID:267 | train_workflow.run_episodes:69 - aisrv training_metrics is {'basic': {'train_global_step': 1141.0, 'sample_production_and_consumption_ratio': 4.76, 'episode_cnt': 606.0, 'sample_receive_cnt': 490432.0, 'predict_succ_cnt': 493703.0, 'load_model_succ_cnt': 142.0}, 'algorithm': {'reward': 0.02, 'q_value': 0.91, 'value_loss': 0.26, 'policy_loss': 0, 'entropy_loss': 0}, 'env': {'total_score': 0.0, 'treasure_score': 0.0, 'max_steps': 1000.0, 'finished_steps': 1000.0, 'treasure_random': 0.0, 'total_treasures': 0.0, 'collected_treasures': 0.0, 'buff_cnt': 0.5, 'buff_cooldown': 100.0, 'talent_cooldown': 100.0, 'talent_cnt': 0.0, 'buff_random': 1.0, 'obstacle_count': 0.0, 'obstacle_random': 0.0}, 'diy': {'diy_1': 0.3, 'diy_2': 0.0, 'diy_3': 0.0, 'diy_4': -0.38, 'diy_5': 0.65}}
2025-07-26 01:34:36.547 | INFO | PID:267 | env_proxy_lazy.reset:100 - aisrv EnvProxy reset one game success
2025-07-26 01:34:40.128 | INFO | PID:263 | agent.load_model:87 - aisrv load model /data/ckpt/back_to_the_realm_v2_target_dqn/models/model.ckpt_back_to_the_realm_v2_target_dqn_0/model.ckpt-1000.pkl successfully
2025-07-26 01:34:40.129 | INFO | PID:263 | predict_common.standard_load_model_detail:350 - aisrv predict standard_load_model success, policy train_one, path /data/ckpt/back_to_the_realm_v2_target_dqn/models/model.ckpt_back_to_the_realm_v2_target_dqn_0, id 1000
2025-07-26 01:34:41.599 | INFO | PID:263 | agent.load_model:87 - aisrv load model /data/ckpt/back_to_the_realm_v2_target_dqn/models/model.ckpt_back_to_the_realm_v2_target_dqn_0/model.ckpt-1000.pkl successfully
2025-07-26 01:34:41.599 | INFO | PID:263 | predict_common.standard_load_model_detail:350 - aisrv predict standard_load_model success, policy train_one, path /data/ckpt/back_to_the_realm_v2_target_dqn/models/model.ckpt_back_to_the_realm_v2_target_dqn_0, id 1000
2025-07-26 01:34:47.073 | INFO | PID:264 | learner_proxy.sample_server_stat:212 - learner_proxy send reverb server stat, succ_cnt is 252839, error_cnt is 0
2025-07-26 01:34:52.207 | INFO | PID:267 | train_workflow.run_episodes:141 - aisrv Game truncated! step_no:999 score:0.0 win_rate:0.22535211267605634
2025-07-26 01:34:52.294 | INFO | PID:267 | train_workflow.run_episodes:69 - aisrv training_metrics is {'basic': {'train_global_step': 1141.0, 'sample_production_and_consumption_ratio': 4.76, 'episode_cnt': 614.0, 'sample_receive_cnt': 490432.0, 'predict_succ_cnt': 493703.0, 'load_model_succ_cnt': 142.0}, 'algorithm': {'reward': 0.02, 'q_value': 0.91, 'value_loss': 0.26, 'policy_loss': 0, 'entropy_loss': 0}, 'env': {'total_score': 0.0, 'treasure_score': 0.0, 'max_steps': 1000.0, 'finished_steps': 1000.0, 'treasure_random': 0.0, 'total_treasures': 0.0, 'collected_treasures': 0.0, 'buff_cnt': 0.5, 'buff_cooldown': 100.0, 'talent_cooldown': 100.0, 'talent_cnt': 0.0, 'buff_random': 1.0, 'obstacle_count': 0.0, 'obstacle_random': 0.0}, 'diy': {'diy_1': 0.3, 'diy_2': 0.0, 'diy_3': 0.0, 'diy_4': -0.38, 'diy_5': 0.65}}
2025-07-26 01:34:52.397 | INFO | PID:267 | env_proxy_lazy.reset:100 - aisrv EnvProxy reset one game success
2025-07-26 01:34:57.597 | INFO | PID:263 | agent.load_model:87 - aisrv load model /data/ckpt/back_to_the_realm_v2_target_dqn/models/model.ckpt_back_to_the_realm_v2_target_dqn_0/model.ckpt-1000.pkl successfully
2025-07-26 01:34:57.598 | INFO | PID:263 | predict_common.standard_load_model_detail:350 - aisrv predict standard_load_model success, policy train_one, path /data/ckpt/back_to_the_realm_v2_target_dqn/models/model.ckpt_back_to_the_realm_v2_target_dqn_0, id 1000
2025-07-26 01:34:57.773 | INFO | PID:267 | train_workflow.run_episodes:147 - aisrv Game terminated! step_no:342 score:281.4 win_rate:0.2361111111111111
2025-07-26 01:34:57.805 | INFO | PID:267 | train_workflow.run_episodes:69 - aisrv training_metrics is {'basic': {'train_global_step': 1141.0, 'sample_production_and_consumption_ratio': 4.76, 'episode_cnt': 614.0, 'sample_receive_cnt': 490432.0, 'predict_succ_cnt': 493703.0, 'load_model_succ_cnt': 142.0}, 'algorithm': {'reward': 0.02, 'q_value': 0.91, 'value_loss': 0.26, 'policy_loss': 0, 'entropy_loss': 0}, 'env': {'total_score': 0.0, 'treasure_score': 0.0, 'max_steps': 1000.0, 'finished_steps': 1000.0, 'treasure_random': 0.0, 'total_treasures': 0.0, 'collected_treasures': 0.0, 'buff_cnt': 0.5, 'buff_cooldown': 100.0, 'talent_cooldown': 100.0, 'talent_cnt': 0.0, 'buff_random': 1.0, 'obstacle_count': 0.0, 'obstacle_random': 0.0}, 'diy': {'diy_1': 0.3, 'diy_2': 0.0, 'diy_3': 0.0, 'diy_4': -0.38, 'diy_5': 0.65}}
2025-07-26 01:34:57.906 | INFO | PID:267 | env_proxy_lazy.reset:100 - aisrv EnvProxy reset one game success
2025-07-26 01:35:12.011 | INFO | PID:262 | model_file_sync.pull_checkpoint_from_model_pool:902 - model_file_sync pull kaiwu_checkpoint_back_to_the_realm_v2_target_dqn_1200.tar.gz from modelpool to /data/ckpt/back_to_the_realm_v2_target_dqn/models/model.ckpt_back_to_the_realm_v2_target_dqn_0 success                                 total pull from modelpool succ cnt is 8                                 total pull from modelpool err cnt is 0
2025-07-26 01:35:12.096 | INFO | PID:263 | actor_proxy_local.predict_stat:482 - aisrv predict now predict count is 261011
2025-07-26 01:35:13.667 | INFO | PID:263 | agent.load_model:87 - aisrv load model /data/ckpt/back_to_the_realm_v2_target_dqn/models/model.ckpt_back_to_the_realm_v2_target_dqn_0/model.ckpt-1200.pkl successfully
2025-07-26 01:35:13.667 | INFO | PID:263 | predict_common.standard_load_model_detail:350 - aisrv predict standard_load_model success, policy train_one, path /data/ckpt/back_to_the_realm_v2_target_dqn/models/model.ckpt_back_to_the_realm_v2_target_dqn_0, id 1200
2025-07-26 01:35:13.914 | INFO | PID:267 | train_workflow.run_episodes:141 - aisrv Game truncated! step_no:999 score:0.0 win_rate:0.2328767123287671
2025-07-26 01:35:14.010 | INFO | PID:267 | train_workflow.run_episodes:69 - aisrv training_metrics is {'basic': {'train_global_step': 1220.0, 'sample_production_and_consumption_ratio': 4.79, 'episode_cnt': 634.0, 'sample_receive_cnt': 521632.0, 'predict_succ_cnt': 509904.0, 'load_model_succ_cnt': 146.0}, 'algorithm': {'reward': 0.02, 'q_value': 0.91, 'value_loss': 0.26, 'policy_loss': 0, 'entropy_loss': 0}, 'env': {'total_score': 27.0, 'treasure_score': 0.0, 'max_steps': 1000.0, 'finished_steps': 958.5, 'treasure_random': 0.0, 'total_treasures': 0.0, 'collected_treasures': 0.0, 'buff_cnt': 0.62, 'buff_cooldown': 100.0, 'talent_cooldown': 100.0, 'talent_cnt': 0.0, 'buff_random': 1.0, 'obstacle_count': 0.0, 'obstacle_random': 0.0}, 'diy': {'diy_1': 0.3, 'diy_2': 0.0, 'diy_3': 0.62, 'diy_4': -0.38, 'diy_5': 0.43}}
2025-07-26 01:35:14.131 | INFO | PID:267 | env_proxy_lazy.reset:100 - aisrv EnvProxy reset one game success
2025-07-26 01:35:29.970 | INFO | PID:263 | agent.load_model:87 - aisrv load model /data/ckpt/back_to_the_realm_v2_target_dqn/models/model.ckpt_back_to_the_realm_v2_target_dqn_0/model.ckpt-1200.pkl successfully
2025-07-26 01:35:29.970 | INFO | PID:263 | predict_common.standard_load_model_detail:350 - aisrv predict standard_load_model success, policy train_one, path /data/ckpt/back_to_the_realm_v2_target_dqn/models/model.ckpt_back_to_the_realm_v2_target_dqn_0, id 1200
2025-07-26 01:35:30.316 | INFO | PID:267 | train_workflow.run_episodes:141 - aisrv Game truncated! step_no:999 score:0.0 win_rate:0.22972972972972974
2025-07-26 01:35:30.416 | INFO | PID:267 | train_workflow.run_episodes:69 - aisrv training_metrics is {'basic': {'train_global_step': 1220.0, 'sample_production_and_consumption_ratio': 4.79, 'episode_cnt': 654.0, 'sample_receive_cnt': 521632.0, 'predict_succ_cnt': 526616.0, 'load_model_succ_cnt': 152.0}, 'algorithm': {'reward': 0.02, 'q_value': 0.91, 'value_loss': 0.26, 'policy_loss': 0, 'entropy_loss': 0}, 'env': {'total_score': 27.0, 'treasure_score': 0.0, 'max_steps': 1000.0, 'finished_steps': 958.5, 'treasure_random': 0.0, 'total_treasures': 0.0, 'collected_treasures': 0.0, 'buff_cnt': 0.12, 'buff_cooldown': 100.0, 'talent_cooldown': 100.0, 'talent_cnt': 0.0, 'buff_random': 1.0, 'obstacle_count': 0.0, 'obstacle_random': 0.0}, 'diy': {'diy_1': 0.3, 'diy_2': -0.03, 'diy_3': 0.62, 'diy_4': 0.0, 'diy_5': 0.53}}
2025-07-26 01:35:30.550 | INFO | PID:267 | env_proxy_lazy.reset:100 - aisrv EnvProxy reset one game success
2025-07-26 01:35:31.438 | INFO | PID:263 | agent.load_model:87 - aisrv load model /data/ckpt/back_to_the_realm_v2_target_dqn/models/model.ckpt_back_to_the_realm_v2_target_dqn_0/model.ckpt-1200.pkl successfully
2025-07-26 01:35:31.439 | INFO | PID:263 | predict_common.standard_load_model_detail:350 - aisrv predict standard_load_model success, policy train_one, path /data/ckpt/back_to_the_realm_v2_target_dqn/models/model.ckpt_back_to_the_realm_v2_target_dqn_0, id 1200
2025-07-26 01:35:34.455 | INFO | PID:263 | agent.load_model:87 - aisrv load model /data/ckpt/back_to_the_realm_v2_target_dqn/models/model.ckpt_back_to_the_realm_v2_target_dqn_0/model.ckpt-1200.pkl successfully
2025-07-26 01:35:34.456 | INFO | PID:263 | predict_common.standard_load_model_detail:350 - aisrv predict standard_load_model success, policy train_one, path /data/ckpt/back_to_the_realm_v2_target_dqn/models/model.ckpt_back_to_the_realm_v2_target_dqn_0, id 1200
2025-07-26 01:35:45.717 | INFO | PID:263 | agent.load_model:87 - aisrv load model /data/ckpt/back_to_the_realm_v2_target_dqn/models/model.ckpt_back_to_the_realm_v2_target_dqn_0/model.ckpt-1200.pkl successfully
2025-07-26 01:35:45.717 | INFO | PID:263 | predict_common.standard_load_model_detail:350 - aisrv predict standard_load_model success, policy train_one, path /data/ckpt/back_to_the_realm_v2_target_dqn/models/model.ckpt_back_to_the_realm_v2_target_dqn_0, id 1200
2025-07-26 01:35:47.023 | INFO | PID:267 | train_workflow.run_episodes:141 - aisrv Game truncated! step_no:999 score:0.0 win_rate:0.22666666666666666
2025-07-26 01:35:47.114 | INFO | PID:267 | train_workflow.run_episodes:69 - aisrv training_metrics is {'basic': {'train_global_step': 1220.0, 'sample_production_and_consumption_ratio': 4.79, 'episode_cnt': 662.0, 'sample_receive_cnt': 521632.0, 'predict_succ_cnt': 526616.0, 'load_model_succ_cnt': 152.0}, 'algorithm': {'reward': -0.03, 'q_value': 0.94, 'value_loss': 0.71, 'policy_loss': 0, 'entropy_loss': 0}, 'env': {'total_score': 27.0, 'treasure_score': 0.0, 'max_steps': 1000.0, 'finished_steps': 958.5, 'treasure_random': 0.0, 'total_treasures': 0.0, 'collected_treasures': 0.0, 'buff_cnt': 0.5, 'buff_cooldown': 100.0, 'talent_cooldown': 100.0, 'talent_cnt': 0.0, 'buff_random': 1.0, 'obstacle_count': 0.0, 'obstacle_random': 0.0}, 'diy': {'diy_1': 0.31, 'diy_2': -0.03, 'diy_3': 0.62, 'diy_4': 0.0, 'diy_5': 0.54}}
2025-07-26 01:35:47.234 | INFO | PID:267 | env_proxy_lazy.reset:100 - aisrv EnvProxy reset one game success
2025-07-26 01:35:47.247 | INFO | PID:264 | learner_proxy.sample_server_stat:212 - learner_proxy send reverb server stat, succ_cnt is 269142, error_cnt is 0
2025-07-26 01:36:02.329 | INFO | PID:263 | agent.load_model:87 - aisrv load model /data/ckpt/back_to_the_realm_v2_target_dqn/models/model.ckpt_back_to_the_realm_v2_target_dqn_0/model.ckpt-1200.pkl successfully
2025-07-26 01:36:02.329 | INFO | PID:263 | predict_common.standard_load_model_detail:350 - aisrv predict standard_load_model success, policy train_one, path /data/ckpt/back_to_the_realm_v2_target_dqn/models/model.ckpt_back_to_the_realm_v2_target_dqn_0, id 1200
2025-07-26 01:36:03.417 | INFO | PID:267 | train_workflow.run_episodes:141 - aisrv Game truncated! step_no:999 score:0.0 win_rate:0.2236842105263158
2025-07-26 01:36:03.524 | INFO | PID:267 | train_workflow.run_episodes:69 - aisrv training_metrics is {'basic': {'train_global_step': 1220.0, 'sample_production_and_consumption_ratio': 4.79, 'episode_cnt': 667.0, 'sample_receive_cnt': 521632.0, 'predict_succ_cnt': 526616.0, 'load_model_succ_cnt': 152.0}, 'algorithm': {'reward': -0.03, 'q_value': 0.94, 'value_loss': 0.71, 'policy_loss': 0, 'entropy_loss': 0}, 'env': {'total_score': 27.0, 'treasure_score': 0.0, 'max_steps': 1000.0, 'finished_steps': 958.5, 'treasure_random': 0.0, 'total_treasures': 0.0, 'collected_treasures': 0.0, 'buff_cnt': 0.62, 'buff_cooldown': 100.0, 'talent_cooldown': 100.0, 'talent_cnt': 0.0, 'buff_random': 1.0, 'obstacle_count': 0.0, 'obstacle_random': 0.0}, 'diy': {'diy_1': 0.31, 'diy_2': -0.03, 'diy_3': 0.62, 'diy_4': 0.0, 'diy_5': 0.44}}
2025-07-26 01:36:03.630 | INFO | PID:267 | env_proxy_lazy.reset:100 - aisrv EnvProxy reset one game success
2025-07-26 01:36:12.099 | INFO | PID:263 | actor_proxy_local.predict_stat:482 - aisrv predict now predict count is 276658
2025-07-26 01:36:18.582 | INFO | PID:267 | train_workflow.run_episodes:141 - aisrv Game truncated! step_no:999 score:0.0 win_rate:0.22077922077922077
2025-07-26 01:36:18.670 | INFO | PID:267 | train_workflow.run_episodes:69 - aisrv training_metrics is {'basic': {'train_global_step': 1297.0, 'sample_production_and_consumption_ratio': 4.79, 'episode_cnt': 667.0, 'sample_receive_cnt': 555042.0, 'predict_succ_cnt': 558350.0, 'load_model_succ_cnt': 163.0}, 'algorithm': {'reward': -0.03, 'q_value': 0.94, 'value_loss': 0.71, 'policy_loss': 0, 'entropy_loss': 0}, 'env': {'total_score': 27.0, 'treasure_score': 0.0, 'max_steps': 1000.0, 'finished_steps': 958.5, 'treasure_random': 0.0, 'total_treasures': 0.0, 'collected_treasures': 0.0, 'buff_cnt': 0.62, 'buff_cooldown': 100.0, 'talent_cooldown': 100.0, 'talent_cnt': 0.0, 'buff_random': 1.0, 'obstacle_count': 0.0, 'obstacle_random': 0.0}, 'diy': {'diy_1': 0.31, 'diy_2': -0.03, 'diy_3': 0.62, 'diy_4': 0.0, 'diy_5': 0.44}}
2025-07-26 01:36:18.784 | INFO | PID:267 | env_proxy_lazy.reset:100 - aisrv EnvProxy reset one game success
2025-07-26 01:36:19.117 | INFO | PID:263 | agent.load_model:87 - aisrv load model /data/ckpt/back_to_the_realm_v2_target_dqn/models/model.ckpt_back_to_the_realm_v2_target_dqn_0/model.ckpt-1200.pkl successfully
2025-07-26 01:36:19.117 | INFO | PID:263 | predict_common.standard_load_model_detail:350 - aisrv predict standard_load_model success, policy train_one, path /data/ckpt/back_to_the_realm_v2_target_dqn/models/model.ckpt_back_to_the_realm_v2_target_dqn_0, id 1200
2025-07-26 01:36:32.623 | INFO | PID:267 | train_workflow.run_episodes:141 - aisrv Game truncated! step_no:999 score:0.0 win_rate:0.21794871794871795
2025-07-26 01:36:32.726 | INFO | PID:267 | train_workflow.run_episodes:69 - aisrv training_metrics is {'basic': {'train_global_step': 1297.0, 'sample_production_and_consumption_ratio': 4.79, 'episode_cnt': 682.0, 'sample_receive_cnt': 555042.0, 'predict_succ_cnt': 558350.0, 'load_model_succ_cnt': 163.0}, 'algorithm': {'reward': -0.03, 'q_value': 0.94, 'value_loss': 0.71, 'policy_loss': 0, 'entropy_loss': 0}, 'env': {'total_score': 27.12, 'treasure_score': 0.0, 'max_steps': 1000.0, 'finished_steps': 958.12, 'treasure_random': 0.0, 'total_treasures': 0.0, 'collected_treasures': 0.0, 'buff_cnt': 0.62, 'buff_cooldown': 100.0, 'talent_cooldown': 100.0, 'talent_cnt': 0.0, 'buff_random': 1.0, 'obstacle_count': 0.0, 'obstacle_random': 0.0}, 'diy': {'diy_1': 0.31, 'diy_2': -0.01, 'diy_3': 1.24, 'diy_4': 0.0, 'diy_5': 0.4}}
2025-07-26 01:36:32.834 | INFO | PID:267 | env_proxy_lazy.reset:100 - aisrv EnvProxy reset one game success
2025-07-26 01:36:35.408 | INFO | PID:263 | agent.load_model:87 - aisrv load model /data/ckpt/back_to_the_realm_v2_target_dqn/models/model.ckpt_back_to_the_realm_v2_target_dqn_0/model.ckpt-1200.pkl successfully
2025-07-26 01:36:35.409 | INFO | PID:263 | predict_common.standard_load_model_detail:350 - aisrv predict standard_load_model success, policy train_one, path /data/ckpt/back_to_the_real